{
  "timestamp": "2025-08-27T14:39:53",
  "reference_file": "KernelBench/temp/5_ConvTranspose2d_Subtract_Tanh.py",
  "candidate_file": "/home/wan00559/pipleline/run/20250827_143644_batch_first6/5_ConvTranspose2d_Subtract_Tanh/code/kernel_20250827_143849.py",
  "tolerance": 0.001,
  "max_abs_err": 1.1920928955078125e-07,
  "mean_abs_err": 1.2958198958301637e-08,
  "ref_latency_ms": {
    "avg": 13.126897764205932,
    "min": 12.498944282531738,
    "max": 13.556032180786133,
    "all": [
      13.556032180786133,
      13.505472183227539,
      13.499520301818848,
      13.496224403381348,
      13.498496055603027,
      13.494272232055664,
      13.392512321472168,
      13.393792152404785,
      13.40272045135498,
      13.393631935119629,
      13.395968437194824,
      13.391200065612793,
      13.395968437194824,
      12.675392150878906,
      12.512479782104492,
      12.511232376098633,
      12.498944282531738,
      12.514911651611328,
      12.506143569946289,
      12.503040313720703
    ]
  },
  "test_latency_ms": {
    "avg": 15.562716865539551,
    "min": 15.552512168884277,
    "max": 15.644672393798828,
    "all": [
      15.644672393798828,
      15.580767631530762,
      15.558624267578125,
      15.561440467834473,
      15.555071830749512,
      15.558015823364258,
      15.566847801208496,
      15.55679988861084,
      15.55452823638916,
      15.55504035949707,
      15.568832397460938,
      15.557855606079102,
      15.552512168884277,
      15.556256294250488,
      15.552512168884277,
      15.55452823638916,
      15.552512168884277,
      15.55299186706543,
      15.552767753601074,
      15.561759948730469
    ]
  },
  "num_runs": 20,
  "model_init_args": [
    32,
    32,
    2,
    [
      32,
      1,
      1
    ]
  ],
  "model_init_kwargs": {},
  "seed": 100,
  "align_stats": {
    "pair_aligner": 1,
    "copied_same_shape": 1,
    "mapped_shape": 0,
    "skipped": 0,
    "pair_key": "Model->ModelNew"
  },
  "runnable": true,
  "phase": "seed",
  "score": 0.8434836846047593
}