{
  "timestamp": "2025-08-28T15:47:10",
  "reference_file": "KernelBench/level3test/10_ResNet101.py",
  "candidate_file": "/home/wan00559/pipleline/run/20250828_154447_batch_first13/10_ResNet101/code/kernel_20250828_154601.py",
  "tolerance": 0.001,
  "max_abs_err": 0.0,
  "mean_abs_err": 0.0,
  "ref_latency_ms": {
    "avg": 10.772536087036134,
    "min": 10.419808387756348,
    "max": 12.939264297485352,
    "all": [
      10.86787223815918,
      10.779359817504883,
      10.769856452941895,
      10.656928062438965,
      12.939264297485352,
      10.747167587280273,
      10.740575790405273,
      10.699040412902832,
      10.748191833496094,
      10.673952102661133,
      10.615008354187012,
      10.6593599319458,
      10.708959579467773,
      10.454912185668945,
      10.622528076171875,
      10.622528076171875,
      10.419808387756348,
      10.699584007263184,
      10.604512214660645,
      10.42131233215332
    ]
  },
  "test_latency_ms": {
    "avg": 11.953740787506103,
    "min": 11.706496238708496,
    "max": 12.689408302307129,
    "all": [
      11.91327953338623,
      12.056575775146484,
      11.784319877624512,
      11.831487655639648,
      12.034048080444336,
      11.835647583007812,
      11.933695793151855,
      12.017919540405273,
      11.83676815032959,
      11.83456039428711,
      12.025952339172363,
      11.81283187866211,
      12.148672103881836,
      12.193951606750488,
      11.983296394348145,
      11.863967895507812,
      11.757984161376953,
      11.813952445983887,
      12.689408302307129,
      11.706496238708496
    ]
  },
  "num_runs": 20,
  "model_init_args": [
    [
      3,
      4,
      23,
      3
    ],
    100
  ],
  "model_init_kwargs": {},
  "seed": 100,
  "align_stats": {
    "copied_same_shape": 626,
    "unique_shape_copied": 0,
    "mapped_shape": 0,
    "skipped": 0,
    "pair_aligner": 0,
    "pair_key": "Model->ModelNew"
  },
  "runnable": true,
  "phase": "seed",
  "score": 0.9011853509736008
}