{
  "timestamp": "2025-08-27T14:11:32",
  "reference_file": "KernelBench/level2test2/21_Conv2d_Add_Scale_Sigmoid_GroupNorm.py",
  "candidate_file": "/home/wan00559/pipleline/run/20250827_140702_batch_first10/21_Conv2d_Add_Scale_Sigmoid_GroupNorm/code/kernel_20250827_141021.py",
  "tolerance": 0.001,
  "max_abs_err": 0.0,
  "mean_abs_err": 0.0,
  "ref_latency_ms": {
    "avg": 1.7853087902069091,
    "min": 1.7806719541549683,
    "max": 1.8083839416503906,
    "all": [
      1.8083839416503906,
      1.7873280048370361,
      1.7846399545669556,
      1.7881280183792114,
      1.7879040241241455,
      1.785856008529663,
      1.7843199968338013,
      1.783519983291626,
      1.7838079929351807,
      1.7817599773406982,
      1.7822719812393188,
      1.7838079929351807,
      1.7806719541549683,
      1.7838079929351807,
      1.782431960105896,
      1.7836480140686035,
      1.785856008529663,
      1.7823679447174072,
      1.7848320007324219,
      1.780832052230835
    ]
  },
  "test_latency_ms": {
    "avg": 1.4414320170879364,
    "min": 1.434272050857544,
    "max": 1.4479360580444336,
    "all": [
      1.4479360580444336,
      1.445631980895996,
      1.4419840574264526,
      1.4415040016174316,
      1.44268798828125,
      1.4398720264434814,
      1.434272050857544,
      1.443168044090271,
      1.4417920112609863,
      1.439136028289795,
      1.4436160326004028,
      1.4479360580444336,
      1.439743995666504,
      1.437119960784912,
      1.4392640590667725,
      1.4391039609909058,
      1.439743995666504,
      1.4395840167999268,
      1.4415040016174316,
      1.4430400133132935
    ]
  },
  "num_runs": 20,
  "model_init_args": [
    4,
    16,
    3,
    8,
    [
      16,
      1,
      1
    ],
    [
      16,
      1,
      1
    ]
  ],
  "model_init_kwargs": {},
  "seed": 100,
  "align_stats": {
    "pair_aligner": 1,
    "copied_same_shape": 1,
    "mapped_shape": 0,
    "skipped": 0,
    "pair_key": "Model->ModelNew"
  },
  "runnable": true,
  "phase": "repair",
  "score": 1.2385660711309108
}