{
  "timestamp": "2025-08-27T14:06:01",
  "reference_file": "KernelBench/level2test/10_ConvTranspose2d_MaxPool_Hardtanh_Mean_Tanh.py",
  "candidate_file": "/home/wan00559/pipleline/run/20250827_140418_batch_first10/10_ConvTranspose2d_MaxPool_Hardtanh_Mean_Tanh/code/kernel_20250827_140454.py",
  "tolerance": 0.001,
  "max_abs_err": 1.1920928955078125e-07,
  "mean_abs_err": 6.182744982652366e-09,
  "ref_latency_ms": {
    "avg": 2.777561593055725,
    "min": 2.765439987182617,
    "max": 2.893631935119629,
    "all": [
      2.893631935119629,
      2.7791359424591064,
      2.7931199073791504,
      2.772991895675659,
      2.7695999145507812,
      2.768831968307495,
      2.766848087310791,
      2.7727038860321045,
      2.7668159008026123,
      2.765439987182617,
      2.7674241065979004,
      2.770944118499756,
      2.778815984725952,
      2.7655999660491943,
      2.771456003189087,
      2.7704639434814453,
      2.773024082183838,
      2.7686400413513184,
      2.7688961029052734,
      2.766848087310791
    ]
  },
  "test_latency_ms": {
    "avg": 2.3210192203521727,
    "min": 2.220031976699829,
    "max": 2.367487907409668,
    "all": [
      2.3601601123809814,
      2.352895975112915,
      2.35097599029541,
      2.3472959995269775,
      2.35315203666687,
      2.348736047744751,
      2.3516480922698975,
      2.3490560054779053,
      2.367487907409668,
      2.350656032562256,
      2.3547520637512207,
      2.3487679958343506,
      2.3589119911193848,
      2.350719928741455,
      2.2707200050354004,
      2.25600004196167,
      2.2543680667877197,
      2.245568037033081,
      2.228480100631714,
      2.220031976699829
    ]
  },
  "num_runs": 20,
  "model_init_args": [
    32,
    32,
    3,
    1,
    1,
    2,
    2,
    -1,
    1
  ],
  "model_init_kwargs": {},
  "seed": 100,
  "align_stats": {
    "pair_aligner": 1,
    "copied_same_shape": 1,
    "mapped_shape": 0,
    "skipped": 0,
    "pair_key": "Model->ModelNew"
  },
  "runnable": true,
  "phase": "seed",
  "score": 1.1966990918042808
}