{
  "timestamp": "2025-08-27T14:56:06",
  "reference_file": "KernelBench/temp1/40_Matmul_Scaling_ResidualAdd.py",
  "candidate_file": "/home/wan00559/pipleline/run/20250827_144354_batch_first5/40_Matmul_Scaling_ResidualAdd/code/kernel_20250827_145503.py",
  "tolerance": 0.001,
  "max_abs_err": 0.0,
  "mean_abs_err": 0.0,
  "ref_latency_ms": {
    "avg": 3.5908943891525267,
    "min": 3.3993279933929443,
    "max": 3.6115200519561768,
    "all": [
      3.6115200519561768,
      3.606271982192993,
      3.606112003326416,
      3.6001598834991455,
      3.600383996963501,
      3.60479998588562,
      3.611072063446045,
      3.6004159450531006,
      3.597759962081909,
      3.5983359813690186,
      3.6004159450531006,
      3.6037120819091797,
      3.5962560176849365,
      3.596287965774536,
      3.5962560176849365,
      3.5983359813690186,
      3.5972158908843994,
      3.5952000617980957,
      3.598047971725464,
      3.3993279933929443
    ]
  },
  "test_latency_ms": {
    "avg": 2.8330336093902586,
    "min": 2.774656057357788,
    "max": 2.883104085922241,
    "all": [
      2.8789119720458984,
      2.8323841094970703,
      2.7858240604400635,
      2.7780799865722656,
      2.788543939590454,
      2.780895948410034,
      2.7752320766448975,
      2.774656057357788,
      2.7793920040130615,
      2.8487679958343506,
      2.8455679416656494,
      2.8569600582122803,
      2.8446719646453857,
      2.865151882171631,
      2.8569281101226807,
      2.8504960536956787,
      2.8774399757385254,
      2.883104085922241,
      2.8802239894866943,
      2.8774399757385254
    ]
  },
  "num_runs": 20,
  "model_init_args": [
    2048,
    2048,
    0.5
  ],
  "model_init_kwargs": {},
  "seed": 100,
  "align_stats": {
    "copied_same_shape": 0,
    "unique_shape_copied": 2,
    "mapped_shape": 0,
    "skipped": 0,
    "pair_aligner": 0,
    "pair_key": "Model->ModelNew"
  },
  "runnable": true,
  "phase": "seed",
  "score": 1.2675085735835585
}