{
  "timestamp": "2025-08-27T13:53:13",
  "reference_file": "KernelBench/level2test/1_Conv2D_ReLU_BiasAdd.py",
  "candidate_file": "/home/wan00559/pipleline/run/20250827_135137_1_Conv2D_ReLU_BiasAdd/1_Conv2D_ReLU_BiasAdd/code/kernel_20250827_135207.py",
  "tolerance": 0.001,
  "max_abs_err": 0.0,
  "mean_abs_err": 0.0,
  "ref_latency_ms": {
    "avg": 0.7940768003463745,
    "min": 0.7905279994010925,
    "max": 0.818943977355957,
    "all": [
      0.818943977355957,
      0.8038399815559387,
      0.7978559732437134,
      0.7946239709854126,
      0.7925440073013306,
      0.7924479842185974,
      0.792576014995575,
      0.7921280264854431,
      0.7905279994010925,
      0.7913600206375122,
      0.7910079956054688,
      0.7913600206375122,
      0.7915520071983337,
      0.7943999767303467,
      0.7905279994010925,
      0.7905279994010925,
      0.7905279994010925,
      0.7908160090446472,
      0.792576014995575,
      0.7913920283317566
    ]
  },
  "test_latency_ms": {
    "avg": 0.7383632034063339,
    "min": 0.7340800166130066,
    "max": 0.7512000203132629,
    "all": [
      0.7512000203132629,
      0.7430400252342224,
      0.7450559735298157,
      0.7372159957885742,
      0.7365760207176208,
      0.7367039918899536,
      0.7373759746551514,
      0.7355200052261353,
      0.7385920286178589,
      0.735264003276825,
      0.737280011177063,
      0.7350720167160034,
      0.737280011177063,
      0.7386239767074585,
      0.7371839880943298,
      0.7345600128173828,
      0.7392320036888123,
      0.7385600209236145,
      0.7388479709625244,
      0.7340800166130066
    ]
  },
  "num_runs": 20,
  "model_init_args": [
    32,
    64,
    3,
    [
      64,
      1,
      1
    ]
  ],
  "model_init_kwargs": {},
  "seed": 100,
  "align_stats": {
    "pair_aligner": 1,
    "copied_same_shape": 1,
    "mapped_shape": 0,
    "skipped": 0,
    "pair_key": "Model->ModelNew"
  },
  "runnable": true,
  "phase": "seed",
  "score": 1.07545554367148
}