{
  "timestamp": "2025-08-28T17:11:28",
  "reference_file": "KernelBench/temp/26_ShuffleNet.py",
  "candidate_file": "/home/wan00559/pipleline/run/20250828_162042_batch_first12/26_ShuffleNet/code/kernel_20250828_171020.py",
  "tolerance": 0.001,
  "max_abs_err": 0.0,
  "mean_abs_err": 0.0,
  "ref_latency_ms": {
    "avg": 59.984604835510254,
    "min": 59.85279846191406,
    "max": 60.19071960449219,
    "all": [
      59.96748733520508,
      60.017215728759766,
      59.93471908569336,
      60.08937454223633,
      60.19071960449219,
      59.93747329711914,
      60.01193618774414,
      59.93436813354492,
      59.96748733520508,
      60.11561584472656,
      60.02668762207031,
      59.948673248291016,
      59.99808120727539,
      59.993568420410156,
      59.961185455322266,
      59.85279846191406,
      59.87500762939453,
      59.9285774230957,
      59.90604782104492,
      60.035072326660156
    ]
  },
  "test_latency_ms": {
    "avg": 59.87849788665771,
    "min": 59.77699279785156,
    "max": 60.00755310058594,
    "all": [
      59.856895446777344,
      59.83776092529297,
      59.928672790527344,
      59.92348861694336,
      59.91600036621094,
      59.83440017700195,
      59.838016510009766,
      59.87123107910156,
      59.959232330322266,
      59.845855712890625,
      59.87148666381836,
      59.86492919921875,
      59.89868927001953,
      59.845375061035156,
      59.77699279785156,
      59.90195083618164,
      59.851009368896484,
      59.844608306884766,
      60.00755310058594,
      59.895809173583984
    ]
  },
  "num_runs": 20,
  "model_init_args": [
    100
  ],
  "model_init_kwargs": {},
  "seed": 100,
  "align_stats": {
    "copied_same_shape": 266,
    "unique_shape_copied": 0,
    "mapped_shape": 0,
    "skipped": 0,
    "pair_aligner": 0,
    "pair_key": "Model->ModelNew"
  },
  "runnable": true,
  "phase": "seed",
  "score": 1.0017720375860695
}