{
  "timestamp": "2025-08-28T15:52:11",
  "reference_file": "KernelBench/level3test2/31_VisionAttention.py",
  "candidate_file": "/home/wan00559/pipleline/run/20250828_154552_batch_first10/31_VisionAttention/code/kernel_20250828_155101.py",
  "tolerance": 0.001,
  "max_abs_err": 7.152557373046875e-07,
  "mean_abs_err": 6.343634595395997e-08,
  "ref_latency_ms": {
    "avg": 10.993612909317017,
    "min": 10.956704139709473,
    "max": 11.129631996154785,
    "all": [
      10.996800422668457,
      11.00268840789795,
      11.10854434967041,
      10.9835844039917,
      10.960512161254883,
      10.989567756652832,
      11.129631996154785,
      10.983424186706543,
      10.982784271240234,
      10.976320266723633,
      10.962783813476562,
      10.9900484085083,
      10.977151870727539,
      10.987327575683594,
      10.989760398864746,
      10.956704139709473,
      10.971136093139648,
      10.964415550231934,
      10.981375694274902,
      10.977696418762207
    ]
  },
  "test_latency_ms": {
    "avg": 10.961956930160522,
    "min": 10.93836784362793,
    "max": 10.985376358032227,
    "all": [
      10.973440170288086,
      10.984160423278809,
      10.944640159606934,
      10.979711532592773,
      10.957695960998535,
      10.953023910522461,
      10.95680046081543,
      10.956640243530273,
      10.96127986907959,
      10.93836784362793,
      10.972607612609863,
      10.971872329711914,
      10.952704429626465,
      10.958847999572754,
      10.952287673950195,
      10.95680046081543,
      10.947744369506836,
      10.985376358032227,
      10.965632438659668,
      10.969504356384277
    ]
  },
  "num_runs": 20,
  "model_init_args": [
    64,
    4
  ],
  "model_init_kwargs": {},
  "seed": 100,
  "align_stats": {
    "copied_same_shape": 6,
    "unique_shape_copied": 0,
    "mapped_shape": 0,
    "skipped": 0,
    "pair_aligner": 0,
    "pair_key": "Model->ModelNew"
  },
  "runnable": true,
  "phase": "repair",
  "score": 1.002887803642924
}