{
  "timestamp": "2025-08-28T17:18:02",
  "reference_file": "KernelBench/level3test/7_GoogleNetInceptionV1.py",
  "candidate_file": "/home/wan00559/pipleline/run/20250828_154447_batch_first13/7_GoogleNetInceptionV1/code/kernel_20250828_171653.py",
  "tolerance": 0.001,
  "max_abs_err": 0.0,
  "mean_abs_err": 0.0,
  "ref_latency_ms": {
    "avg": 3.0704431891441346,
    "min": 3.0201919078826904,
    "max": 3.150496006011963,
    "all": [
      3.107583999633789,
      3.150496006011963,
      3.076512098312378,
      3.0556159019470215,
      3.102911949157715,
      3.11296010017395,
      3.0556159019470215,
      3.0518720149993896,
      3.0658559799194336,
      3.061471939086914,
      3.0201919078826904,
      3.030463933944702,
      3.0404160022735596,
      3.1215360164642334,
      3.101088047027588,
      3.021087884902954,
      3.13753604888916,
      3.0422399044036865,
      3.0326080322265625,
      3.0208001136779785
    ]
  },
  "test_latency_ms": {
    "avg": 3.3431616187095643,
    "min": 3.300895929336548,
    "max": 3.511904001235962,
    "all": [
      3.400576114654541,
      3.350368022918701,
      3.32694411277771,
      3.3184640407562256,
      3.3223040103912354,
      3.3238399028778076,
      3.511904001235962,
      3.3464319705963135,
      3.3288960456848145,
      3.313663959503174,
      3.356384038925171,
      3.368959903717041,
      3.323904037475586,
      3.300895929336548,
      3.3193280696868896,
      3.3177599906921387,
      3.31548810005188,
      3.3117120265960693,
      3.316096067428589,
      3.3893120288848877
    ]
  },
  "num_runs": 20,
  "model_init_args": [
    100
  ],
  "model_init_kwargs": {},
  "seed": 100,
  "align_stats": {
    "copied_same_shape": 116,
    "unique_shape_copied": 0,
    "mapped_shape": 0,
    "skipped": 0,
    "pair_aligner": 0,
    "pair_key": "Model->ModelNew"
  },
  "runnable": true,
  "phase": "seed",
  "score": 0.9184249938623377
}