{
  "timestamp": "2025-08-27T14:21:58",
  "reference_file": "KernelBench/level2test3/15_ConvTranspose3d_BatchNorm_Subtract.py",
  "candidate_file": "/home/wan00559/pipleline/run/20250827_140941_batch_first10/15_ConvTranspose3d_BatchNorm_Subtract/code/kernel_20250827_142050.py",
  "tolerance": 0.001,
  "max_abs_err": 2.980232238769531e-07,
  "mean_abs_err": 3.991206654063717e-08,
  "ref_latency_ms": {
    "avg": 0.9966880083084106,
    "min": 0.9953280091285706,
    "max": 0.9987199902534485,
    "all": [
      0.9969599843025208,
      0.9955199956893921,
      0.9953280091285706,
      0.9966400265693665,
      0.9968640208244324,
      0.9968640208244324,
      0.9970880150794983,
      0.9967679977416992,
      0.997376024723053,
      0.9968960285186768,
      0.9953280091285706,
      0.997376024723053,
      0.9970880150794983,
      0.997376024723053,
      0.9965440034866333,
      0.9987199902534485,
      0.9967359900474548,
      0.9968000054359436,
      0.9953280091285706,
      0.9961599707603455
    ]
  },
  "test_latency_ms": {
    "avg": 6.35380642414093,
    "min": 6.34716796875,
    "max": 6.360799789428711,
    "all": [
      6.347807884216309,
      6.34716796875,
      6.354400157928467,
      6.356095790863037,
      6.359007835388184,
      6.354944229125977,
      6.353951930999756,
      6.354944229125977,
      6.360799789428711,
      6.352896213531494,
      6.356800079345703,
      6.352479934692383,
      6.357024192810059,
      6.3567681312561035,
      6.3533759117126465,
      6.348512172698975,
      6.357056140899658,
      6.350624084472656,
      6.348959922790527,
      6.352511882781982
    ]
  },
  "num_runs": 20,
  "model_init_args": [
    8,
    16,
    3,
    2,
    1
  ],
  "model_init_kwargs": {},
  "seed": 100,
  "align_stats": {
    "pair_aligner": 1,
    "copied_same_shape": 1,
    "mapped_shape": 0,
    "skipped": 0,
    "pair_key": "Model->ModelNew"
  },
  "runnable": true,
  "phase": "repair",
  "score": 0.15686471097412577
}