{
  "timestamp": "2025-08-28T17:19:28",
  "reference_file": "KernelBench/level3test/8_ResNetBasicBlock.py",
  "candidate_file": "/home/wan00559/pipleline/run/20250828_154447_batch_first13/8_ResNetBasicBlock/code/kernel_20250828_171823.py",
  "tolerance": 0.001,
  "max_abs_err": 0.0,
  "mean_abs_err": 0.0,
  "ref_latency_ms": {
    "avg": 1.6417631924152374,
    "min": 1.6363519430160522,
    "max": 1.6531519889831543,
    "all": [
      1.6531519889831543,
      1.6465920209884644,
      1.6463040113449097,
      1.640447974205017,
      1.6424959897994995,
      1.6424959897994995,
      1.645151972770691,
      1.6405119895935059,
      1.6386239528656006,
      1.6383999586105347,
      1.6430720090866089,
      1.636896014213562,
      1.6388479471206665,
      1.6427520513534546,
      1.6474560499191284,
      1.6363519430160522,
      1.6424959897994995,
      1.6380159854888916,
      1.637727975845337,
      1.6374720335006714
    ]
  },
  "test_latency_ms": {
    "avg": 1.5914255857467652,
    "min": 1.5818560123443604,
    "max": 1.5981119871139526,
    "all": [
      1.5951679944992065,
      1.5981119871139526,
      1.5912959575653076,
      1.5912959575653076,
      1.5892479419708252,
      1.5953919887542725,
      1.5892479419708252,
      1.5844800472259521,
      1.5932480096817017,
      1.5958080291748047,
      1.5923199653625488,
      1.5940159559249878,
      1.5911040306091309,
      1.5953919887542725,
      1.5916160345077515,
      1.590783953666687,
      1.5818560123443604,
      1.5912319421768188,
      1.5862079858779907,
      1.5906879901885986
    ]
  },
  "num_runs": 20,
  "model_init_args": [
    3,
    32,
    1
  ],
  "model_init_kwargs": {},
  "seed": 100,
  "align_stats": {
    "copied_same_shape": 18,
    "unique_shape_copied": 0,
    "mapped_shape": 0,
    "skipped": 0,
    "pair_aligner": 0,
    "pair_key": "Model->ModelNew"
  },
  "runnable": true,
  "phase": "seed",
  "score": 1.0316305123653342
}