{
  "timestamp": "2025-08-28T16:33:20",
  "reference_file": "KernelBench/level3test2/35_LSTM.py",
  "candidate_file": "/home/wan00559/pipleline/run/20250828_154552_batch_first10/35_LSTM/code/kernel_20250828_163216.py",
  "tolerance": 0.001,
  "max_abs_err": 1.30385160446167e-08,
  "mean_abs_err": 3.0174851506359346e-09,
  "ref_latency_ms": {
    "avg": 4.544492769241333,
    "min": 4.534783840179443,
    "max": 4.566656112670898,
    "all": [
      4.566656112670898,
      4.538368225097656,
      4.555424213409424,
      4.540639877319336,
      4.544511795043945,
      4.550303936004639,
      4.543039798736572,
      4.544511795043945,
      4.543231964111328,
      4.546239852905273,
      4.548128128051758,
      4.534783840179443,
      4.535840034484863,
      4.5357441902160645,
      4.536320209503174,
      4.535999774932861,
      4.550655841827393,
      4.542912006378174,
      4.549983978271484,
      4.546559810638428
    ]
  },
  "test_latency_ms": {
    "avg": 4.530764818191528,
    "min": 4.515872001647949,
    "max": 4.546527862548828,
    "all": [
      4.544511795043945,
      4.546527862548828,
      4.530879974365234,
      4.524032115936279,
      4.524864196777344,
      4.532224178314209,
      4.5316481590271,
      4.527775764465332,
      4.527103900909424,
      4.527071952819824,
      4.526144027709961,
      4.523744106292725,
      4.528960227966309,
      4.540224075317383,
      4.5404157638549805,
      4.5351362228393555,
      4.524159908294678,
      4.515872001647949,
      4.534272193908691,
      4.529727935791016
    ]
  },
  "num_runs": 20,
  "model_init_args": [
    64,
    128,
    6,
    10,
    0.0
  ],
  "model_init_kwargs": {},
  "seed": 100,
  "align_stats": {
    "copied_same_shape": 26,
    "unique_shape_copied": 0,
    "mapped_shape": 0,
    "skipped": 0,
    "pair_aligner": 0,
    "pair_key": "Model->ModelNew"
  },
  "runnable": true,
  "phase": "seed",
  "score": 1.0030299412131667
}