{
  "timestamp": "2025-08-27T14:17:50",
  "reference_file": "KernelBench/level2test3/14_Gemm_Divide_Sum_Scaling.py",
  "candidate_file": "/home/wan00559/pipleline/run/20250827_140941_batch_first10/14_Gemm_Divide_Sum_Scaling/code/kernel_20250827_141642.py",
  "tolerance": 0.001,
  "max_abs_err": 0.008056640625,
  "mean_abs_err": 0.0021104179322719574,
  "ref_latency_ms": {
    "avg": 1.3029120087623596,
    "min": 1.2947520017623901,
    "max": 1.307360053062439,
    "all": [
      1.307360053062439,
      1.3066879510879517,
      1.3066240549087524,
      1.3023040294647217,
      1.30022394657135,
      1.3006720542907715,
      1.3066240549087524,
      1.302623987197876,
      1.3047360181808472,
      1.3045120239257812,
      1.3031359910964966,
      1.2991679906845093,
      1.3009920120239258,
      1.303871989250183,
      1.3037439584732056,
      1.3006080389022827,
      1.3025280237197876,
      1.30457603931427,
      1.3024959564208984,
      1.2947520017623901
    ]
  },
  "test_latency_ms": {
    "avg": 0.1690143994987011,
    "min": 0.166143998503685,
    "max": 0.17161600291728973,
    "all": [
      0.1690240055322647,
      0.16991999745368958,
      0.1693120002746582,
      0.16963200271129608,
      0.16793599724769592,
      0.16864000260829926,
      0.16998399794101715,
      0.17161600291728973,
      0.16918399930000305,
      0.16793599724769592,
      0.16889600455760956,
      0.16835199296474457,
      0.16793599724769592,
      0.17139199376106262,
      0.166143998503685,
      0.16998399794101715,
      0.1690240055322647,
      0.16787199676036835,
      0.16816000640392303,
      0.1693439930677414
    ]
  },
  "num_runs": 20,
  "model_init_args": [
    4096,
    4096,
    1.5
  ],
  "model_init_kwargs": {},
  "seed": 100,
  "align_stats": {
    "copied_same_shape": 1,
    "unique_shape_copied": 0,
    "mapped_shape": 0,
    "skipped": 0,
    "pair_aligner": 0,
    "pair_key": "Model->ModelNew"
  },
  "runnable": true,
  "phase": "seed",
  "score": 7.708881684796169
}