{
  "timestamp": "2025-08-27T14:16:22",
  "reference_file": "KernelBench/level2test2/22_Matmul_Scale_ResidualAdd_Clamp_LogSumExp_Mish.py",
  "candidate_file": "/home/wan00559/pipleline/run/20250827_140702_batch_first10/22_Matmul_Scale_ResidualAdd_Clamp_LogSumExp_Mish/code/kernel_20250827_141517.py",
  "tolerance": 0.001,
  "max_abs_err": 2.288818359375e-05,
  "mean_abs_err": 2.5331974029541016e-06,
  "ref_latency_ms": {
    "avg": 1.8391856014728547,
    "min": 1.8316160440444946,
    "max": 1.8563519716262817,
    "all": [
      1.851199984550476,
      1.8441599607467651,
      1.8447999954223633,
      1.8391040563583374,
      1.8350080251693726,
      1.8350080251693726,
      1.837056040763855,
      1.8373119831085205,
      1.837056040763855,
      1.8407679796218872,
      1.835263967514038,
      1.8316160440444946,
      1.8350720405578613,
      1.8351999521255493,
      1.8563519716262817,
      1.8367040157318115,
      1.8431999683380127,
      1.8356800079345703,
      1.8350080251693726,
      1.8381439447402954
    ]
  },
  "test_latency_ms": {
    "avg": 1.7002288043498992,
    "min": 1.6970880031585693,
    "max": 1.7100800275802612,
    "all": [
      1.7100800275802612,
      1.7017279863357544,
      1.7010560035705566,
      1.6985599994659424,
      1.69977605342865,
      1.701024055480957,
      1.6970880031585693,
      1.699455976486206,
      1.6998080015182495,
      1.698848009109497,
      1.7018879652023315,
      1.698207974433899,
      1.6978240013122559,
      1.6985599994659424,
      1.7005120515823364,
      1.7011840343475342,
      1.7018879652023315,
      1.7004159688949585,
      1.6977920532226562,
      1.6988799571990967
    ]
  },
  "num_runs": 20,
  "model_init_args": [
    4096,
    4096,
    2.0,
    -10.0,
    10.0
  ],
  "model_init_kwargs": {},
  "seed": 100,
  "align_stats": {
    "copied_same_shape": 2,
    "unique_shape_copied": 0,
    "mapped_shape": 0,
    "skipped": 0,
    "pair_aligner": 0,
    "pair_key": "Model->ModelNew"
  },
  "runnable": true,
  "phase": "repair",
  "score": 1.0817282925494767
}