{
  "timestamp": "2025-08-28T16:53:27",
  "reference_file": "KernelBench/temp/20_MobileNetV2.py",
  "candidate_file": "/home/wan00559/pipleline/run/20250828_162042_batch_first12/20_MobileNetV2/code/kernel_20250828_165222.py",
  "tolerance": 0.001,
  "max_abs_err": 0.0,
  "mean_abs_err": 0.0,
  "ref_latency_ms": {
    "avg": 5.472644782066345,
    "min": 5.345248222351074,
    "max": 5.636096000671387,
    "all": [
      5.488224029541016,
      5.500927925109863,
      5.511168003082275,
      5.562399864196777,
      5.443327903747559,
      5.505663871765137,
      5.576255798339844,
      5.54310417175293,
      5.636096000671387,
      5.558047771453857,
      5.345248222351074,
      5.346752166748047,
      5.462080001831055,
      5.34876823425293,
      5.464064121246338,
      5.559487819671631,
      5.4167680740356445,
      5.361343860626221,
      5.452447891235352,
      5.370719909667969
    ]
  },
  "test_latency_ms": {
    "avg": 6.042614436149597,
    "min": 5.922815799713135,
    "max": 6.18009614944458,
    "all": [
      5.9712958335876465,
      6.105088233947754,
      6.0000319480896,
      5.9740800857543945,
      6.005184173583984,
      5.922815799713135,
      6.023551940917969,
      5.980256080627441,
      5.994463920593262,
      6.039552211761475,
      6.18009614944458,
      6.151584148406982,
      6.031328201293945,
      5.956704139709473,
      6.052256107330322,
      6.127359867095947,
      6.090752124786377,
      6.057983875274658,
      6.1381120681762695,
      6.0497918128967285
    ]
  },
  "num_runs": 20,
  "model_init_args": [
    100
  ],
  "model_init_kwargs": {},
  "seed": 100,
  "align_stats": {
    "copied_same_shape": 314,
    "unique_shape_copied": 0,
    "mapped_shape": 0,
    "skipped": 0,
    "pair_aligner": 0,
    "pair_key": "Model->ModelNew"
  },
  "runnable": true,
  "phase": "repair",
  "score": 0.9056749921567987
}