{
  "timestamp": "2025-08-27T14:54:01",
  "reference_file": "KernelBench/temp1/39_Gemm_Scale_BatchNorm.py",
  "candidate_file": "/home/wan00559/pipleline/run/20250827_144354_batch_first5/39_Gemm_Scale_BatchNorm/code/kernel_20250827_145258.py",
  "tolerance": 0.001,
  "max_abs_err": 0.0,
  "mean_abs_err": 0.0,
  "ref_latency_ms": {
    "avg": 3.432371187210083,
    "min": 3.4263041019439697,
    "max": 3.4447360038757324,
    "all": [
      3.4447360038757324,
      3.433504104614258,
      3.4360640048980713,
      3.4320321083068848,
      3.4296319484710693,
      3.434015989303589,
      3.4328958988189697,
      3.429663896560669,
      3.4274239540100098,
      3.432447910308838,
      3.434335947036743,
      3.431648015975952,
      3.4406399726867676,
      3.4299519062042236,
      3.428544044494629,
      3.4284160137176514,
      3.4263041019439697,
      3.4392640590667725,
      3.4268798828125,
      3.4290239810943604
    ]
  },
  "test_latency_ms": {
    "avg": 3.4891088128089907,
    "min": 3.482111930847168,
    "max": 3.496448040008545,
    "all": [
      3.496448040008545,
      3.49183988571167,
      3.491744041442871,
      3.4959359169006348,
      3.489567995071411,
      3.495392084121704,
      3.493119955062866,
      3.4911680221557617,
      3.4870080947875977,
      3.4892160892486572,
      3.490112066268921,
      3.4870400428771973,
      3.4857280254364014,
      3.48470401763916,
      3.4895999431610107,
      3.483520030975342,
      3.4856960773468018,
      3.482111930847168,
      3.487776041030884,
      3.484447956085205
    ]
  },
  "num_runs": 20,
  "model_init_args": [
    2048,
    2048,
    [
      2048
    ]
  ],
  "model_init_kwargs": {},
  "seed": 100,
  "align_stats": {
    "copied_same_shape": 8,
    "unique_shape_copied": 0,
    "mapped_shape": 0,
    "skipped": 0,
    "pair_aligner": 0,
    "pair_key": "Model->ModelNew"
  },
  "runnable": true,
  "phase": "repair",
  "score": 0.9837386482787192
}