{
  "timestamp": "2025-08-15T12:24:09",
  "reference_file": "KernelBench/test/10_3D_tensor_matrix_multiplication.py",
  "candidate_file": "/home/wan00559/baseline/run/20250815_112724_10_3D_tensor_matrix_multiplication/code/kernel_20250815_122302.py",
  "tolerance": 0.001,
  "max_abs_err": 0.0,
  "mean_abs_err": 0.0,
  "ref_latency_ms": {
    "avg": 0.12465919926762581,
    "min": 0.12275200337171555,
    "max": 0.13065600395202637,
    "all": [
      0.13065600395202637,
      0.12544000148773193,
      0.12492799758911133,
      0.12451200187206268,
      0.12326399981975555,
      0.12857599556446075,
      0.1249919980764389,
      0.12492799758911133,
      0.12412799894809723,
      0.12383999675512314,
      0.12457600235939026,
      0.12361600250005722,
      0.12489599734544754,
      0.1231359988451004,
      0.1228799968957901,
      0.1228799968957901,
      0.1239359974861145,
      0.12476799637079239,
      0.12275200337171555,
      0.1244800016283989
    ]
  },
  "test_latency_ms": {
    "avg": 10.576993560791015,
    "min": 10.524352073669434,
    "max": 10.770048141479492,
    "all": [
      10.770048141479492,
      10.763039588928223,
      10.761152267456055,
      10.75814437866211,
      10.53286361694336,
      10.53286361694336,
      10.54207992553711,
      10.547136306762695,
      10.529024124145508,
      10.530559539794922,
      10.52672004699707,
      10.524576187133789,
      10.524352073669434,
      10.528639793395996,
      10.524991989135742,
      10.5316801071167,
      10.52672004699707,
      10.527615547180176,
      10.529952049255371,
      10.527711868286133
    ]
  },
  "num_runs": 20,
  "model_init_args": [],
  "model_init_kwargs": {},
  "runnable": true,
  "phase": "seed",
  "score": 0.011785882117744525
}