{
  "timestamp": "2025-08-15T12:18:43",
  "reference_file": "KernelBench/test/10_3D_tensor_matrix_multiplication.py",
  "candidate_file": "/home/wan00559/baseline/run/20250815_112724_10_3D_tensor_matrix_multiplication/code/kernel_20250815_121736.py",
  "tolerance": 0.001,
  "max_abs_err": 0.0,
  "mean_abs_err": 0.0,
  "ref_latency_ms": {
    "avg": 0.12364479899406433,
    "min": 0.12137600034475327,
    "max": 0.1345919966697693,
    "all": [
      0.1345919966697693,
      0.12585599720478058,
      0.12399999797344208,
      0.1228799968957901,
      0.12227199971675873,
      0.1228799968957901,
      0.1228799968957901,
      0.12223999947309494,
      0.12361600250005722,
      0.12268800288438797,
      0.12323199957609177,
      0.12409599870443344,
      0.12332800030708313,
      0.1228799968957901,
      0.12223999947309494,
      0.12383999675512314,
      0.12137600034475327,
      0.12265600264072418,
      0.1228799968957901,
      0.12246400117874146
    ]
  },
  "test_latency_ms": {
    "avg": 10.582014274597167,
    "min": 10.533727645874023,
    "max": 10.779808044433594,
    "all": [
      10.779808044433594,
      10.772607803344727,
      10.776576042175293,
      10.712991714477539,
      10.53769588470459,
      10.53651237487793,
      10.538399696350098,
      10.534912109375,
      10.53551959991455,
      10.539008140563965,
      10.541024208068848,
      10.539360046386719,
      10.541055679321289,
      10.535103797912598,
      10.543487548828125,
      10.536959648132324,
      10.536864280700684,
      10.534079551696777,
      10.534591674804688,
      10.533727645874023
    ]
  },
  "num_runs": 20,
  "model_init_args": [],
  "model_init_kwargs": {},
  "runnable": true,
  "phase": "seed",
  "score": 0.011684429427664064
}