{
  "timestamp": "2025-08-15T12:12:41",
  "reference_file": "KernelBench/test/10_3D_tensor_matrix_multiplication.py",
  "candidate_file": "/home/wan00559/baseline/run/20250815_112724_10_3D_tensor_matrix_multiplication/code/kernel_20250815_121136.py",
  "tolerance": 0.001,
  "max_abs_err": 0.0,
  "mean_abs_err": 0.0,
  "ref_latency_ms": {
    "avg": 0.12403199896216392,
    "min": 0.12236800044775009,
    "max": 0.12742400169372559,
    "all": [
      0.12697599828243256,
      0.12700800597667694,
      0.12492799758911133,
      0.12742400169372559,
      0.1234240010380745,
      0.12316799908876419,
      0.1228799968957901,
      0.1228799968957901,
      0.1228799968957901,
      0.1228799968957901,
      0.12470400333404541,
      0.1228799968957901,
      0.12409599870443344,
      0.1228799968957901,
      0.1231359988451004,
      0.12307199835777283,
      0.12236800044775009,
      0.12540799379348755,
      0.12336000055074692,
      0.12428800016641617
    ]
  },
  "test_latency_ms": {
    "avg": 9.470655965805054,
    "min": 8.847392082214355,
    "max": 10.7675199508667,
    "all": [
      10.7675199508667,
      10.75814437866211,
      10.760191917419434,
      10.724543571472168,
      10.529184341430664,
      10.532320022583008,
      9.01251220703125,
      8.9617919921875,
      8.960864067077637,
      8.963007926940918,
      8.967647552490234,
      8.964703559875488,
      8.971391677856445,
      8.987615585327148,
      8.96617603302002,
      8.963104248046875,
      8.964096069335938,
      8.924736022949219,
      8.886176109313965,
      8.847392082214355
    ]
  },
  "num_runs": 20,
  "model_init_args": [],
  "model_init_kwargs": {},
  "runnable": true,
  "phase": "seed",
  "score": 0.013096452812772042
}