{
  "timestamp": "2025-08-28T16:35:04",
  "reference_file": "KernelBench/level3test2/36_LSTMHn.py",
  "candidate_file": "/home/wan00559/pipleline/run/20250828_154552_batch_first10/36_LSTMHn/code/kernel_20250828_163358.py",
  "tolerance": 0.001,
  "max_abs_err": 0.0,
  "mean_abs_err": 0.0,
  "ref_latency_ms": {
    "avg": 4.542619204521179,
    "min": 4.532959938049316,
    "max": 4.5589118003845215,
    "all": [
      4.5472002029418945,
      4.536384105682373,
      4.545216083526611,
      4.5472002029418945,
      4.546080112457275,
      4.536831855773926,
      4.536320209503174,
      4.546559810638428,
      4.542848110198975,
      4.533504009246826,
      4.550655841827393,
      4.542975902557373,
      4.536384105682373,
      4.538400173187256,
      4.541024208068848,
      4.5404157638549805,
      4.544511795043945,
      4.547999858856201,
      4.5589118003845215,
      4.532959938049316
    ]
  },
  "test_latency_ms": {
    "avg": 4.5210480213165285,
    "min": 4.4791998863220215,
    "max": 4.542463779449463,
    "all": [
      4.521984100341797,
      4.5293121337890625,
      4.533088207244873,
      4.534016132354736,
      4.531007766723633,
      4.528128147125244,
      4.528128147125244,
      4.519904136657715,
      4.536831855773926,
      4.53001594543457,
      4.481311798095703,
      4.4818878173828125,
      4.542463779449463,
      4.536320209503174,
      4.535776138305664,
      4.5280961990356445,
      4.4791998863220215,
      4.538368225097656,
      4.479423999786377,
      4.52569580078125
    ]
  },
  "num_runs": 20,
  "model_init_args": [
    64,
    128,
    6,
    10,
    0.0
  ],
  "model_init_kwargs": {},
  "seed": 100,
  "align_stats": {
    "copied_same_shape": 26,
    "unique_shape_copied": 0,
    "mapped_shape": 0,
    "skipped": 0,
    "pair_aligner": 0,
    "pair_key": "Model->ModelNew"
  },
  "runnable": true,
  "phase": "seed",
  "score": 1.004771279381007
}