{
  "timestamp": "2025-08-27T14:11:33",
  "reference_file": "KernelBench/level2test3/11_ConvTranspose2d_BatchNorm_Tanh_MaxPool_GroupNorm.py",
  "candidate_file": "/home/wan00559/pipleline/run/20250827_140941_batch_first10/11_ConvTranspose2d_BatchNorm_Tanh_MaxPool_GroupNorm/code/kernel_20250827_141017.py",
  "tolerance": 0.001,
  "max_abs_err": 0.0,
  "mean_abs_err": 0.0,
  "ref_latency_ms": {
    "avg": 5.885270380973816,
    "min": 5.879839897155762,
    "max": 5.894144058227539,
    "all": [
      5.894144058227539,
      5.892096042633057,
      5.892096042633057,
      5.8919677734375,
      5.889279842376709,
      5.8857598304748535,
      5.883552074432373,
      5.883903980255127,
      5.883584022521973,
      5.8842878341674805,
      5.8818559646606445,
      5.879839897155762,
      5.8815999031066895,
      5.882336139678955,
      5.884191989898682,
      5.8837761878967285,
      5.8820481300354,
      5.881343841552734,
      5.884191989898682,
      5.883552074432373
    ]
  },
  "test_latency_ms": {
    "avg": 5.568611216545105,
    "min": 5.5655999183654785,
    "max": 5.572991847991943,
    "all": [
      5.567647933959961,
      5.5698561668396,
      5.5688958168029785,
      5.568480014801025,
      5.566495895385742,
      5.568511962890625,
      5.571968078613281,
      5.570687770843506,
      5.566463947296143,
      5.569248199462891,
      5.568192005157471,
      5.568511962890625,
      5.568640232086182,
      5.5669121742248535,
      5.566592216491699,
      5.568672180175781,
      5.568511962890625,
      5.5693440437316895,
      5.5655999183654785,
      5.572991847991943
    ]
  },
  "num_runs": 20,
  "model_init_args": [
    32,
    64,
    5,
    1,
    1,
    8,
    8
  ],
  "model_init_kwargs": {},
  "seed": 100,
  "align_stats": {
    "pair_aligner": 1,
    "copied_same_shape": 1,
    "mapped_shape": 0,
    "skipped": 0,
    "pair_key": "Model->ModelNew"
  },
  "runnable": true,
  "phase": "seed",
  "score": 1.056865015731009
}