{
  "timestamp": "2025-08-27T14:19:39",
  "reference_file": "KernelBench/level2test4/33_Gemm_Scale_BatchNorm.py",
  "candidate_file": "/home/wan00559/pipleline/run/20250827_141012_batch_first10/33_Gemm_Scale_BatchNorm/code/kernel_20250827_141832.py",
  "tolerance": 0.001,
  "max_abs_err": 0.0,
  "mean_abs_err": 0.0,
  "ref_latency_ms": {
    "avg": 1.7251295864582061,
    "min": 1.7201919555664062,
    "max": 1.7466239929199219,
    "all": [
      1.7466239929199219,
      1.7326079607009888,
      1.728063941001892,
      1.7238399982452393,
      1.7298239469528198,
      1.7224960327148438,
      1.7304960489273071,
      1.727552056312561,
      1.7211840152740479,
      1.7213759422302246,
      1.7203199863433838,
      1.7203199863433838,
      1.7246079444885254,
      1.7203199863433838,
      1.7224639654159546,
      1.7223680019378662,
      1.7244160175323486,
      1.7201919555664062,
      1.7212799787521362,
      1.7222399711608887
    ]
  },
  "test_latency_ms": {
    "avg": 1.7429312109947204,
    "min": 1.738752007484436,
    "max": 1.7530879974365234,
    "all": [
      1.7530879974365234,
      1.7421760559082031,
      1.7428480386734009,
      1.7445119619369507,
      1.7405760288238525,
      1.7428480386734009,
      1.7447359561920166,
      1.739840030670166,
      1.7441920042037964,
      1.7435519695281982,
      1.7484159469604492,
      1.7448960542678833,
      1.7416000366210938,
      1.743008017539978,
      1.7403520345687866,
      1.7418559789657593,
      1.7418240308761597,
      1.738752007484436,
      1.7408000230789185,
      1.738752007484436
    ]
  },
  "num_runs": 20,
  "model_init_args": [
    4096,
    4096,
    [
      4096
    ]
  ],
  "model_init_kwargs": {},
  "seed": 100,
  "align_stats": {
    "copied_same_shape": 8,
    "unique_shape_copied": 0,
    "mapped_shape": 0,
    "skipped": 0,
    "pair_aligner": 0,
    "pair_key": "Model->ModelNew"
  },
  "runnable": true,
  "phase": "repair",
  "score": 0.9897863871940451
}