{
  "timestamp": "2025-08-27T14:49:42",
  "reference_file": "KernelBench/temp/8_Conv3d_Divide_Max_GlobalAvgPool_BiasAdd_Sum.py",
  "candidate_file": "/home/wan00559/pipleline/run/20250827_143644_batch_first6/8_Conv3d_Divide_Max_GlobalAvgPool_BiasAdd_Sum/code/kernel_20250827_144833.py",
  "tolerance": 0.001,
  "max_abs_err": 2.384185791015625e-07,
  "mean_abs_err": 7.450580596923828e-08,
  "ref_latency_ms": {
    "avg": 0.6544799983501435,
    "min": 0.6492159962654114,
    "max": 0.6722559928894043,
    "all": [
      0.6722559928894043,
      0.6635519862174988,
      0.6560959815979004,
      0.6552000045776367,
      0.6533120274543762,
      0.6524479985237122,
      0.6510720252990723,
      0.6512640118598938,
      0.6507840156555176,
      0.6516159772872925,
      0.6532480120658875,
      0.6530879735946655,
      0.6514880061149597,
      0.6528319716453552,
      0.6492159962654114,
      0.650111973285675,
      0.6712960004806519,
      0.6493120193481445,
      0.6512640118598938,
      0.6501439809799194
    ]
  },
  "test_latency_ms": {
    "avg": 0.6728047996759414,
    "min": 0.6696959733963013,
    "max": 0.6838080286979675,
    "all": [
      0.6838080286979675,
      0.6718720197677612,
      0.6743680238723755,
      0.673632025718689,
      0.670304000377655,
      0.6737920045852661,
      0.6720960140228271,
      0.6705600023269653,
      0.6717439889907837,
      0.6734399795532227,
      0.674015998840332,
      0.6739519834518433,
      0.6739839911460876,
      0.6711680293083191,
      0.672927975654602,
      0.6715520024299622,
      0.6696959733963013,
      0.6696959733963013,
      0.6717439889907837,
      0.6717439889907837
    ]
  },
  "num_runs": 20,
  "model_init_args": [
    4,
    8,
    [
      3,
      3,
      3
    ],
    2.0,
    [
      2,
      2,
      2
    ],
    [
      8,
      1,
      1,
      1
    ],
    1
  ],
  "model_init_kwargs": {},
  "seed": 100,
  "align_stats": {
    "pair_aligner": 1,
    "copied_same_shape": 1,
    "mapped_shape": 0,
    "skipped": 0,
    "pair_key": "Model->ModelNew"
  },
  "runnable": true,
  "phase": "seed",
  "score": 0.9727635692631441
}