{
  "timestamp": "2025-08-27T14:26:45",
  "reference_file": "KernelBench/level2test2/25_Conv2d_Min_Tanh_Tanh.py",
  "candidate_file": "/home/wan00559/pipleline/run/20250827_140702_batch_first10/25_Conv2d_Min_Tanh_Tanh/code/kernel_20250827_142536.py",
  "tolerance": 0.001,
  "max_abs_err": 0.0,
  "mean_abs_err": 0.0,
  "ref_latency_ms": {
    "avg": 1.3070016086101532,
    "min": 1.3023680448532104,
    "max": 1.3247679471969604,
    "all": [
      1.3247679471969604,
      1.3129600286483765,
      1.3148159980773926,
      1.3086400032043457,
      1.3086719512939453,
      1.303328037261963,
      1.3066240549087524,
      1.3109439611434937,
      1.305184006690979,
      1.30457603931427,
      1.3047360181808472,
      1.3025280237197876,
      1.3059200048446655,
      1.3050559759140015,
      1.3023680448532104,
      1.3028160333633423,
      1.3025280237197876,
      1.3064639568328857,
      1.302880048751831,
      1.3042240142822266
    ]
  },
  "test_latency_ms": {
    "avg": 1.252732801437378,
    "min": 1.2488960027694702,
    "max": 1.2756479978561401,
    "all": [
      1.2756479978561401,
      1.2595200538635254,
      1.252959966659546,
      1.2515519857406616,
      1.251039981842041,
      1.2527040243148804,
      1.251744031906128,
      1.2502080202102661,
      1.2513279914855957,
      1.2492799758911133,
      1.2499840259552002,
      1.2533760070800781,
      1.251296043395996,
      1.2513279914855957,
      1.250432014465332,
      1.251039981842041,
      1.250175952911377,
      1.2488960027694702,
      1.2513279914855957,
      1.250815987586975
    ]
  },
  "num_runs": 20,
  "model_init_args": [
    8,
    32,
    3
  ],
  "model_init_kwargs": {},
  "seed": 100,
  "align_stats": {
    "pair_aligner": 1,
    "copied_same_shape": 1,
    "mapped_shape": 0,
    "skipped": 0,
    "pair_key": "Model->ModelNew"
  },
  "runnable": true,
  "phase": "repair",
  "score": 1.0433203370347672
}