{
  "timestamp": "2025-08-28T15:50:59",
  "reference_file": "KernelBench/level3test/12_VGG19.py",
  "candidate_file": "/home/wan00559/pipleline/run/20250828_154447_batch_first13/12_VGG19/code/kernel_20250828_154950.py",
  "tolerance": 0.001,
  "max_abs_err": 4.284083843231201e-08,
  "mean_abs_err": 9.125680655586166e-09,
  "ref_latency_ms": {
    "avg": 16.0069983959198,
    "min": 15.291232109069824,
    "max": 17.37379264831543,
    "all": [
      17.37379264831543,
      17.30054473876953,
      17.330080032348633,
      17.326112747192383,
      17.306367874145508,
      16.587711334228516,
      16.07107162475586,
      15.83737564086914,
      15.696063995361328,
      15.628288269042969,
      15.543487548828125,
      15.463839530944824,
      15.389535903930664,
      15.405344009399414,
      15.358464241027832,
      15.326623916625977,
      15.291232109069824,
      15.302656173706055,
      15.30076789855957,
      15.300607681274414
    ]
  },
  "test_latency_ms": {
    "avg": 27.24872636795044,
    "min": 27.033344268798828,
    "max": 27.426048278808594,
    "all": [
      27.254783630371094,
      27.039520263671875,
      27.310144424438477,
      27.18227195739746,
      27.033344268798828,
      27.413951873779297,
      27.181055068969727,
      27.048511505126953,
      27.275327682495117,
      27.268287658691406,
      27.383808135986328,
      27.284320831298828,
      27.280864715576172,
      27.183040618896484,
      27.406335830688477,
      27.243328094482422,
      27.26300811767578,
      27.426048278808594,
      27.225887298583984,
      27.270687103271484
    ]
  },
  "num_runs": 20,
  "model_init_args": [
    100
  ],
  "model_init_kwargs": {},
  "seed": 100,
  "align_stats": {
    "copied_same_shape": 34,
    "unique_shape_copied": 3,
    "mapped_shape": 0,
    "skipped": 1,
    "pair_aligner": 0,
    "pair_key": "Model->ModelNew"
  },
  "runnable": true,
  "phase": "seed",
  "score": 0.5874402414179256
}