{
  "timestamp": "2025-08-27T14:32:15",
  "reference_file": "KernelBench/level2test3/18_Matmul_Sum_Max_AvgPool_LogSumExp_LogSumExp.py",
  "candidate_file": "/home/wan00559/pipleline/run/20250827_140941_batch_first10/18_Matmul_Sum_Max_AvgPool_LogSumExp_LogSumExp/code/kernel_20250827_143108.py",
  "tolerance": 0.001,
  "max_abs_err": 5.14984130859375e-05,
  "mean_abs_err": 1.46450474858284e-05,
  "ref_latency_ms": {
    "avg": 1.348139190673828,
    "min": 1.3431999683380127,
    "max": 1.3578239679336548,
    "all": [
      1.3477760553359985,
      1.3479360342025757,
      1.3578239679336548,
      1.3462079763412476,
      1.3473279476165771,
      1.3475840091705322,
      1.3538240194320679,
      1.3479679822921753,
      1.3455359935760498,
      1.3527679443359375,
      1.3480960130691528,
      1.346783995628357,
      1.3534400463104248,
      1.3451199531555176,
      1.3434879779815674,
      1.351647973060608,
      1.3431999683380127,
      1.3434879779815674,
      1.3451839685440063,
      1.3475840091705322
    ]
  },
  "test_latency_ms": {
    "avg": 2.5295600056648255,
    "min": 2.5281600952148438,
    "max": 2.531968116760254,
    "all": [
      2.529247999191284,
      2.531968116760254,
      2.5306239128112793,
      2.5298240184783936,
      2.529184103012085,
      2.5291519165039062,
      2.5291519165039062,
      2.529279947280884,
      2.5294079780578613,
      2.5295679569244385,
      2.5291199684143066,
      2.5286080837249756,
      2.5296640396118164,
      2.529279947280884,
      2.5296640396118164,
      2.528480052947998,
      2.5305919647216797,
      2.5309441089630127,
      2.529279947280884,
      2.5281600952148438
    ]
  },
  "num_runs": 20,
  "model_init_args": [
    4096,
    4096
  ],
  "model_init_kwargs": {},
  "seed": 100,
  "align_stats": {
    "copied_same_shape": 0,
    "unique_shape_copied": 2,
    "mapped_shape": 0,
    "skipped": 0,
    "pair_aligner": 0,
    "pair_key": "Model->ModelNew"
  },
  "runnable": true,
  "phase": "seed",
  "score": 0.5329540266507758
}