{
  "timestamp": "2025-08-28T17:06:02",
  "reference_file": "KernelBench/temp/23_EfficientNetB1.py",
  "candidate_file": "/home/wan00559/pipleline/run/20250828_162042_batch_first12/23_EfficientNetB1/code/kernel_20250828_170459.py",
  "tolerance": 0.001,
  "max_abs_err": 0.0,
  "mean_abs_err": 0.0,
  "ref_latency_ms": {
    "avg": 5.150017631053925,
    "min": 3.303999900817871,
    "max": 10.33011245727539,
    "all": [
      5.454239845275879,
      5.431295871734619,
      5.428607940673828,
      5.408768177032471,
      5.413280010223389,
      5.398047924041748,
      5.384768009185791,
      5.381984233856201,
      5.392384052276611,
      5.396736145019531,
      5.394432067871094,
      5.402048110961914,
      10.33011245727539,
      5.637119770050049,
      5.168352127075195,
      3.654752016067505,
      3.303999900817871,
      3.3586559295654297,
      3.3061439990997314,
      3.354624032974243
    ]
  },
  "test_latency_ms": {
    "avg": 3.518350386619568,
    "min": 3.4570560455322266,
    "max": 3.5905919075012207,
    "all": [
      3.4874560832977295,
      3.4570560455322266,
      3.5327999591827393,
      3.506175994873047,
      3.497983932495117,
      3.530751943588257,
      3.5327999591827393,
      3.5259199142456055,
      3.590143918991089,
      3.5905919075012207,
      3.520512104034424,
      3.496000051498413,
      3.4897921085357666,
      3.5532801151275635,
      3.5301759243011475,
      3.521087884902954,
      3.48636794090271,
      3.5041279792785645,
      3.481600046157837,
      3.532383918762207
    ]
  },
  "num_runs": 20,
  "model_init_args": [
    100
  ],
  "model_init_kwargs": {},
  "seed": 100,
  "align_stats": {
    "copied_same_shape": 140,
    "unique_shape_copied": 0,
    "mapped_shape": 0,
    "skipped": 0,
    "pair_aligner": 0,
    "pair_key": "Model->ModelNew"
  },
  "runnable": true,
  "phase": "repair",
  "score": 1.4637591669776993
}