{
  "timestamp": "2025-08-28T15:58:28",
  "reference_file": "KernelBench/level3test/1_MLP.py",
  "candidate_file": "/home/wan00559/pipleline/run/20250828_154447_batch_first13/1_MLP/code/kernel_20250828_155720.py",
  "tolerance": 0.001,
  "max_abs_err": 3.8743019104003906e-07,
  "mean_abs_err": 6.039363142917864e-08,
  "ref_latency_ms": {
    "avg": 3.925763189792633,
    "min": 3.9075520038604736,
    "max": 3.9423999786376953,
    "all": [
      3.9377920627593994,
      3.926016092300415,
      3.9239680767059326,
      3.915776014328003,
      3.9180479049682617,
      3.9281280040740967,
      3.915616035461426,
      3.925823926925659,
      3.917695999145508,
      3.9212799072265625,
      3.9075520038604736,
      3.9178240299224854,
      3.924448013305664,
      3.9242560863494873,
      3.9423999786376953,
      3.9314239025115967,
      3.9266879558563232,
      3.9314239025115967,
      3.9387519359588623,
      3.940351963043213
    ]
  },
  "test_latency_ms": {
    "avg": 4.566713619232178,
    "min": 4.515520095825195,
    "max": 4.624703884124756,
    "all": [
      4.624703884124756,
      4.585472106933594,
      4.565631866455078,
      4.543551921844482,
      4.515520095825195,
      4.605152130126953,
      4.578976154327393,
      4.571455955505371,
      4.618656158447266,
      4.581855773925781,
      4.521632194519043,
      4.58460807800293,
      4.562943935394287,
      4.56115198135376,
      4.550784111022949,
      4.57590389251709,
      4.614975929260254,
      4.5287041664123535,
      4.519904136657715,
      4.522687911987305
    ]
  },
  "num_runs": 20,
  "model_init_args": [
    8192,
    [
      8192,
      8192
    ],
    4096
  ],
  "model_init_kwargs": {},
  "seed": 100,
  "align_stats": {
    "copied_same_shape": 2,
    "unique_shape_copied": 2,
    "mapped_shape": 0,
    "skipped": 2,
    "pair_aligner": 0,
    "pair_key": "Model->ModelNew"
  },
  "runnable": true,
  "phase": "seed",
  "score": 0.8596473344112806
}