{
  "timestamp": "2025-08-28T17:15:08",
  "reference_file": "KernelBench/temp/27_RegNet.py",
  "candidate_file": "/home/wan00559/pipleline/run/20250828_162042_batch_first12/27_RegNet/code/kernel_20250828_171404.py",
  "tolerance": 0.001,
  "max_abs_err": 7.450580596923828e-09,
  "mean_abs_err": 1.4202669040841442e-09,
  "ref_latency_ms": {
    "avg": 0.8681183993816376,
    "min": 0.851967990398407,
    "max": 0.899071991443634,
    "all": [
      0.8970239758491516,
      0.8731840252876282,
      0.8740479946136475,
      0.863968014717102,
      0.8682559728622437,
      0.8724480271339417,
      0.8650879859924316,
      0.8689280152320862,
      0.8701440095901489,
      0.8654720187187195,
      0.8651520013809204,
      0.8528000116348267,
      0.851967990398407,
      0.8827199935913086,
      0.86627197265625,
      0.8601599931716919,
      0.899071991443634,
      0.8601920008659363,
      0.8522239923477173,
      0.8532480001449585
    ]
  },
  "test_latency_ms": {
    "avg": 0.9687616020441056,
    "min": 0.9613119959831238,
    "max": 0.9789440035820007,
    "all": [
      0.9789440035820007,
      0.9741759896278381,
      0.9693440198898315,
      0.9728000164031982,
      0.9746879935264587,
      0.9703999757766724,
      0.9687039852142334,
      0.9713280200958252,
      0.9667519927024841,
      0.9667519927024841,
      0.9703680276870728,
      0.9641280174255371,
      0.9671679735183716,
      0.9687039852142334,
      0.9666560292243958,
      0.9613119959831238,
      0.9659519791603088,
      0.9666560292243958,
      0.9640640020370483,
      0.9663360118865967
    ]
  },
  "num_runs": 20,
  "model_init_args": [
    3,
    3,
    [
      32,
      64,
      128
    ],
    10
  ],
  "model_init_kwargs": {},
  "seed": 100,
  "align_stats": {
    "copied_same_shape": 44,
    "unique_shape_copied": 0,
    "mapped_shape": 0,
    "skipped": 0,
    "pair_aligner": 0,
    "pair_key": "Model->ModelNew"
  },
  "runnable": true,
  "phase": "repair",
  "score": 0.8961114866133124
}