{
  "timestamp": "2025-08-27T14:17:59",
  "reference_file": "KernelBench/level2test/1_Conv2D_ReLU_BiasAdd.py",
  "candidate_file": "/home/wan00559/pipleline/run/20250827_140418_batch_first10/1_Conv2D_ReLU_BiasAdd/code/kernel_20250827_141756.py",
  "tolerance": 0.001,
  "max_abs_err": 0.0,
  "mean_abs_err": 0.0,
  "ref_latency_ms": {
    "avg": 0.7933183997869492,
    "min": 0.7891200184822083,
    "max": 0.8151040077209473,
    "all": [
      0.8151040077209473,
      0.7988479733467102,
      0.7926719784736633,
      0.792576014995575,
      0.7919679880142212,
      0.7909759879112244,
      0.7920960187911987,
      0.7905279994010925,
      0.7905279994010925,
      0.792576014995575,
      0.7906879782676697,
      0.7891200184822083,
      0.7912960052490234,
      0.7921280264854431,
      0.7920640110969543,
      0.7973759770393372,
      0.7905279994010925,
      0.7923200130462646,
      0.7924479842185974,
      0.7905279994010925
    ]
  },
  "test_latency_ms": {
    "avg": 0.7395312011241912,
    "min": 0.7371839880943298,
    "max": 0.746944010257721,
    "all": [
      0.746944010257721,
      0.7429119944572449,
      0.7393280267715454,
      0.7396799921989441,
      0.7399680018424988,
      0.737280011177063,
      0.7378559708595276,
      0.7398719787597656,
      0.7392640113830566,
      0.7391679883003235,
      0.7393280267715454,
      0.7393280267715454,
      0.7403839826583862,
      0.738207995891571,
      0.7408639788627625,
      0.737663984298706,
      0.7373440265655518,
      0.738752007484436,
      0.739296019077301,
      0.7371839880943298
    ]
  },
  "num_runs": 20,
  "model_init_args": [
    32,
    64,
    3,
    [
      64,
      1,
      1
    ]
  ],
  "model_init_kwargs": {},
  "seed": 100,
  "align_stats": {
    "pair_aligner": 1,
    "copied_same_shape": 1,
    "mapped_shape": 0,
    "skipped": 0,
    "pair_key": "Model->ModelNew"
  },
  "runnable": true,
  "phase": "repair",
  "score": 1.0727314798631806
}