{
  "timestamp": "2025-08-27T14:13:30",
  "reference_file": "KernelBench/level2test3/12_Gemm_Multiply_LeakyReLU.py",
  "candidate_file": "/home/wan00559/pipleline/run/20250827_140941_batch_first10/12_Gemm_Multiply_LeakyReLU/code/kernel_20250827_141214.py",
  "tolerance": 0.001,
  "max_abs_err": 0.0,
  "mean_abs_err": 0.0,
  "ref_latency_ms": {
    "avg": 1.3152783870697022,
    "min": 1.3107199668884277,
    "max": 1.3230079412460327,
    "all": [
      1.3230079412460327,
      1.3167999982833862,
      1.322816014289856,
      1.3148159980773926,
      1.3178240060806274,
      1.3162879943847656,
      1.3161920309066772,
      1.312831997871399,
      1.314527988433838,
      1.314687967300415,
      1.3148159980773926,
      1.3138879537582397,
      1.3107199668884277,
      1.313599944114685,
      1.3120319843292236,
      1.3127039670944214,
      1.3146239519119263,
      1.312000036239624,
      1.314527988433838,
      1.316864013671875
    ]
  },
  "test_latency_ms": {
    "avg": 3.673135995864868,
    "min": 3.669951915740967,
    "max": 3.678208112716675,
    "all": [
      3.6747519969940186,
      3.6765758991241455,
      3.678208112716675,
      3.6720640659332275,
      3.669951915740967,
      3.6720640659332275,
      3.6736319065093994,
      3.6706879138946533,
      3.6700799465179443,
      3.671679973602295,
      3.67411208152771,
      3.673759937286377,
      3.671679973602295,
      3.6738240718841553,
      3.67411208152771,
      3.671072006225586,
      3.6736319065093994,
      3.6769280433654785,
      3.6730880737304688,
      3.670815944671631
    ]
  },
  "num_runs": 20,
  "model_init_args": [
    4096,
    4096,
    2.0,
    0.1
  ],
  "model_init_kwargs": {},
  "seed": 100,
  "align_stats": {
    "copied_same_shape": 2,
    "unique_shape_copied": 0,
    "mapped_shape": 0,
    "skipped": 2,
    "pair_aligner": 0,
    "pair_key": "Model->ModelNew"
  },
  "runnable": true,
  "phase": "seed",
  "score": 0.35808050356709153
}