{
  "timestamp": "2025-08-22T18:04:44",
  "reference_file": "KernelBench/level2/23_Conv3d_GroupNorm_Mean.py",
  "candidate_file": "/home/wan00559/baseline/run/20250822_170708_batch_first100/23_Conv3d_GroupNorm_Mean/code/kernel_20250822_180344.py",
  "tolerance": 0.001,
  "max_abs_err": 9.57067982199078e-07,
  "mean_abs_err": 3.2132260230355314e-07,
  "ref_latency_ms": {
    "avg": 5.532964777946472,
    "min": 5.249695777893066,
    "max": 5.634047985076904,
    "all": [
      5.630239963531494,
      5.618624210357666,
      5.6169281005859375,
      5.617663860321045,
      5.617663860321045,
      5.634047985076904,
      5.619711875915527,
      5.615583896636963,
      5.622464179992676,
      5.615776062011719,
      5.6156158447265625,
      5.61359977722168,
      5.535327911376953,
      5.531167984008789,
      5.532544136047363,
      5.536479949951172,
      5.290272235870361,
      5.275904178619385,
      5.269983768463135,
      5.249695777893066
    ]
  },
  "test_latency_ms": {
    "avg": 13.80732307434082,
    "min": 13.750271797180176,
    "max": 13.908032417297363,
    "all": [
      13.908032417297363,
      13.897695541381836,
      13.89568042755127,
      13.900416374206543,
      13.907967567443848,
      13.8920316696167,
      13.880895614624023,
      13.80345630645752,
      13.75715160369873,
      13.750271797180176,
      13.75436782836914,
      13.764512062072754,
      13.752927780151367,
      13.754143714904785,
      13.758463859558105,
      13.750271797180176,
      13.76159954071045,
      13.750271797180176,
      13.752639770507812,
      13.753664016723633
    ]
  },
  "num_runs": 20,
  "model_init_args": [
    3,
    24,
    3,
    8
  ],
  "model_init_kwargs": {},
  "runnable": true,
  "phase": "seed",
  "score": 0.4007268279416735
}