{
  "timestamp": "2025-08-15T15:52:19",
  "reference_file": "KernelBench/test/14_Matmul_for_upper_triangular_matrices.py",
  "candidate_file": "/home/wan00559/baseline/run/20250815_153147_14_Matmul_for_upper_triangular_matrices/code/kernel_20250815_155118.py",
  "tolerance": 0.001,
  "max_abs_err": 0.0001373291015625,
  "mean_abs_err": 3.0490018616546877e-06,
  "ref_latency_ms": {
    "avg": 0.07751199901103974,
    "min": 0.07583999633789062,
    "max": 0.0814720019698143,
    "all": [
      0.0814720019698143,
      0.08054400235414505,
      0.07782399654388428,
      0.07897599786520004,
      0.07782399654388428,
      0.07814399898052216,
      0.07606399804353714,
      0.07766400277614594,
      0.07654400169849396,
      0.07782399654388428,
      0.07625599950551987,
      0.07740800082683563,
      0.0764160007238388,
      0.0791039988398552,
      0.07638400048017502,
      0.07599999755620956,
      0.07583999633789062,
      0.07689599692821503,
      0.0772159993648529,
      0.07583999633789062
    ]
  },
  "test_latency_ms": {
    "avg": 0.922964796423912,
    "min": 0.8786879777908325,
    "max": 1.0588159561157227,
    "all": [
      1.0588159561157227,
      1.0278719663619995,
      1.0297919511795044,
      1.0349440574645996,
      1.0178560018539429,
      0.8967999815940857,
      0.8825280070304871,
      0.8912960290908813,
      0.8820160031318665,
      0.8975359797477722,
      0.8847039937973022,
      0.8799039721488953,
      0.883296012878418,
      0.8840640187263489,
      0.8829439878463745,
      0.8786879777908325,
      0.8824959993362427,
      0.8912320137023926,
      0.8834559917449951,
      0.8890560269355774
    ]
  },
  "num_runs": 20,
  "model_init_args": [],
  "model_init_kwargs": {},
  "runnable": true,
  "phase": "seed",
  "score": 0.08398153354425335
}