{
  "timestamp": "2025-08-15T15:16:46",
  "reference_file": "KernelBench/test/13_Matmul_for_symmetric_matrices.py",
  "candidate_file": "/home/wan00559/baseline/run/20250815_140613_13_Matmul_for_symmetric_matrices/code/kernel_20250815_151545.py",
  "tolerance": 0.001,
  "max_abs_err": 0.00018310546875,
  "mean_abs_err": 3.2634183298796415e-05,
  "ref_latency_ms": {
    "avg": 0.06214079968631268,
    "min": 0.05939200147986412,
    "max": 0.08345600217580795,
    "all": [
      0.08345600217580795,
      0.06639999896287918,
      0.06038400158286095,
      0.06140799820423126,
      0.060864001512527466,
      0.05993599817156792,
      0.06102399900555611,
      0.06015999987721443,
      0.05974400043487549,
      0.06092799827456474,
      0.06067200005054474,
      0.061055999249219894,
      0.0631679967045784,
      0.06032000109553337,
      0.061983998864889145,
      0.06047999858856201,
      0.06111999973654747,
      0.05967999994754791,
      0.06063999980688095,
      0.05939200147986412
    ]
  },
  "test_latency_ms": {
    "avg": 0.23296480104327202,
    "min": 0.23030400276184082,
    "max": 0.23929600417613983,
    "all": [
      0.23929600417613983,
      0.2348800003528595,
      0.233024001121521,
      0.23324799537658691,
      0.23129600286483765,
      0.23257599771022797,
      0.2327360063791275,
      0.23347200453281403,
      0.2314240038394928,
      0.23177599906921387,
      0.23529599606990814,
      0.2375040054321289,
      0.23296000063419342,
      0.23129600286483765,
      0.23030400276184082,
      0.2335679978132248,
      0.23084799945354462,
      0.23068800568580627,
      0.23104000091552734,
      0.23206399381160736
    ]
  },
  "num_runs": 20,
  "model_init_args": [],
  "model_init_kwargs": {},
  "runnable": true,
  "phase": "seed",
  "score": 0.2667390069574087
}