{
  "timestamp": "2025-08-15T14:51:02",
  "reference_file": "KernelBench/test/13_Matmul_for_symmetric_matrices.py",
  "candidate_file": "/home/wan00559/baseline/run/20250815_140613_13_Matmul_for_symmetric_matrices/code/kernel_20250815_144959.py",
  "tolerance": 0.001,
  "max_abs_err": 0.000213623046875,
  "mean_abs_err": 3.26890149153769e-05,
  "ref_latency_ms": {
    "avg": 0.07554560042917728,
    "min": 0.07372800260782242,
    "max": 0.0798719972372055,
    "all": [
      0.0798719972372055,
      0.07865600287914276,
      0.07619199901819229,
      0.0745600014925003,
      0.07571200281381607,
      0.07734400033950806,
      0.07577600330114365,
      0.07420799881219864,
      0.0751039981842041,
      0.07523199915885925,
      0.07491199672222137,
      0.0751039981842041,
      0.07577600330114365,
      0.07542400062084198,
      0.07372800260782242,
      0.07577600330114365,
      0.07430399954319,
      0.07433599978685379,
      0.07481600344181061,
      0.07407999783754349
    ]
  },
  "test_latency_ms": {
    "avg": 0.22929919958114625,
    "min": 0.22732800245285034,
    "max": 0.2330559939146042,
    "all": [
      0.2330559939146042,
      0.2314240038394928,
      0.22915199398994446,
      0.23155200481414795,
      0.22908799350261688,
      0.22784000635147095,
      0.22732800245285034,
      0.23119999468326569,
      0.2279359996318817,
      0.2290239930152893,
      0.2282239943742752,
      0.22937600314617157,
      0.229312002658844,
      0.2276799976825714,
      0.22896000742912292,
      0.22915199398994446,
      0.22790400683879852,
      0.22889600694179535,
      0.22828799486160278,
      0.23059199750423431
    ]
  },
  "num_runs": 20,
  "model_init_args": [],
  "model_init_kwargs": {},
  "runnable": true,
  "phase": "seed",
  "score": 0.32946299231385934
}