{
  "timestamp": "2025-08-28T15:56:26",
  "reference_file": "KernelBench/level3test/13_DenseNet121TransitionLayer.py",
  "candidate_file": "/home/wan00559/pipleline/run/20250828_154447_batch_first13/13_DenseNet121TransitionLayer/code/kernel_20250828_155520.py",
  "tolerance": 0.001,
  "max_abs_err": 0.0,
  "mean_abs_err": 0.0,
  "ref_latency_ms": {
    "avg": 0.7323248028755188,
    "min": 0.7215039730072021,
    "max": 0.7515519857406616,
    "all": [
      0.7515519857406616,
      0.7348799705505371,
      0.7331839799880981,
      0.7296640276908875,
      0.731328010559082,
      0.7311360239982605,
      0.7315199971199036,
      0.7306240200996399,
      0.7290880084037781,
      0.7357439994812012,
      0.7290880084037781,
      0.7311360239982605,
      0.7215039730072021,
      0.7268480062484741,
      0.7307199835777283,
      0.7369920015335083,
      0.7276800274848938,
      0.7313920259475708,
      0.7275840044021606,
      0.7448319792747498
    ]
  },
  "test_latency_ms": {
    "avg": 1.1246832072734834,
    "min": 1.1210559606552124,
    "max": 1.1341760158538818,
    "all": [
      1.1341760158538818,
      1.128767967224121,
      1.1257280111312866,
      1.1227840185165405,
      1.1256320476531982,
      1.1224960088729858,
      1.1221120357513428,
      1.122879981994629,
      1.121664047241211,
      1.1223039627075195,
      1.1210559606552124,
      1.1226240396499634,
      1.1304960250854492,
      1.1263999938964844,
      1.1240960359573364,
      1.1230080127716064,
      1.1227519512176514,
      1.1243200302124023,
      1.1240960359573364,
      1.1262719631195068
    ]
  },
  "num_runs": 20,
  "model_init_args": [
    16,
    32
  ],
  "model_init_kwargs": {},
  "seed": 100,
  "align_stats": {
    "copied_same_shape": 0,
    "unique_shape_copied": 1,
    "mapped_shape": 1,
    "skipped": 4,
    "pair_aligner": 0,
    "pair_key": "Model->ModelNew"
  },
  "runnable": true,
  "phase": "repair",
  "score": 0.6511387367922559
}