{
  "timestamp": "2025-08-27T14:51:42",
  "reference_file": "KernelBench/temp3/29_Matmul_Mish_Mish.py",
  "candidate_file": "/home/wan00559/pipleline/run/20250827_144812_batch_first3/29_Matmul_Mish_Mish/code/kernel_20250827_145033.py",
  "tolerance": 0.001,
  "max_abs_err": 0.0,
  "mean_abs_err": 0.0,
  "ref_latency_ms": {
    "avg": 1.6764656126499176,
    "min": 1.6709439754486084,
    "max": 1.703935980796814,
    "all": [
      1.703935980796814,
      1.6848640441894531,
      1.682144045829773,
      1.6772799491882324,
      1.6766400337219238,
      1.6737600564956665,
      1.6752640008926392,
      1.6734720468521118,
      1.6749440431594849,
      1.6733440160751343,
      1.6763520240783691,
      1.6732159852981567,
      1.6732159852981567,
      1.6732159852981567,
      1.6712000370025635,
      1.6752640008926392,
      1.6729600429534912,
      1.6738879680633545,
      1.6709439754486084,
      1.673408031463623
    ]
  },
  "test_latency_ms": {
    "avg": 1.6743919909000398,
    "min": 1.6690880060195923,
    "max": 1.7018879652023315,
    "all": [
      1.6858880519866943,
      1.6766079664230347,
      1.673535943031311,
      1.7018879652023315,
      1.6726399660110474,
      1.6710079908370972,
      1.6696959733963013,
      1.669119954109192,
      1.6692800521850586,
      1.6711679697036743,
      1.6709760427474976,
      1.6714880466461182,
      1.6825599670410156,
      1.6709120273590088,
      1.6711039543151855,
      1.672767996788025,
      1.6752640008926392,
      1.669119954109192,
      1.6690880060195923,
      1.6737279891967773
    ]
  },
  "num_runs": 20,
  "model_init_args": [
    4096,
    4096
  ],
  "model_init_kwargs": {},
  "seed": 100,
  "align_stats": {
    "copied_same_shape": 2,
    "unique_shape_copied": 0,
    "mapped_shape": 0,
    "skipped": 0,
    "pair_aligner": 0,
    "pair_key": "Model->ModelNew"
  },
  "runnable": true,
  "phase": "seed",
  "score": 1.00123843267356
}