{
  "timestamp": "2025-08-28T15:49:02",
  "reference_file": "KernelBench/level3test/11_VGG16.py",
  "candidate_file": "/home/wan00559/pipleline/run/20250828_154447_batch_first13/11_VGG16/code/kernel_20250828_154749.py",
  "tolerance": 0.001,
  "max_abs_err": 0.0,
  "mean_abs_err": 0.0,
  "ref_latency_ms": {
    "avg": 13.543383932113647,
    "min": 12.695103645324707,
    "max": 14.25817584991455,
    "all": [
      14.235199928283691,
      14.210399627685547,
      14.235648155212402,
      14.204928398132324,
      14.219488143920898,
      14.229503631591797,
      14.221311569213867,
      14.241727828979492,
      14.25817584991455,
      13.938591957092285,
      13.182975769042969,
      13.122048377990723,
      12.991935729980469,
      12.931072235107422,
      12.89907169342041,
      12.843647956848145,
      12.753984451293945,
      12.695103645324707,
      12.73475170135498,
      12.718111991882324
    ]
  },
  "test_latency_ms": {
    "avg": 13.005809593200684,
    "min": 12.86415958404541,
    "max": 13.088512420654297,
    "all": [
      12.957440376281738,
      12.976127624511719,
      13.072287559509277,
      13.047807693481445,
      12.957759857177734,
      12.965888023376465,
      12.942720413208008,
      12.966815948486328,
      12.96617603302002,
      12.964544296264648,
      12.966655731201172,
      12.957183837890625,
      12.86415958404541,
      13.06009578704834,
      13.075872421264648,
      13.07033634185791,
      13.053215980529785,
      13.076416015625,
      13.088512420654297,
      13.086175918579102
    ]
  },
  "num_runs": 20,
  "model_init_args": [
    100
  ],
  "model_init_kwargs": {},
  "seed": 100,
  "align_stats": {
    "copied_same_shape": 32,
    "unique_shape_copied": 0,
    "mapped_shape": 0,
    "skipped": 0,
    "pair_aligner": 0,
    "pair_key": "Model->ModelNew"
  },
  "runnable": true,
  "phase": "seed",
  "score": 1.0413334006668837
}