{
  "timestamp": "2025-08-27T13:40:29",
  "reference_file": "KernelBench/level2test/1_Conv2D_ReLU_BiasAdd.py",
  "candidate_file": "/home/wan00559/pipleline/run/20250827_133815_1_Conv2D_ReLU_BiasAdd/1_Conv2D_ReLU_BiasAdd/code/kernel_20250827_133921.py",
  "tolerance": 0.001,
  "max_abs_err": 0.0,
  "mean_abs_err": 0.0,
  "ref_latency_ms": {
    "avg": 0.7932111978530884,
    "min": 0.7884799838066101,
    "max": 0.8190720081329346,
    "all": [
      0.8190720081329346,
      0.7988799810409546,
      0.7964479923248291,
      0.7930560111999512,
      0.7936639785766602,
      0.7914559841156006,
      0.7884799838066101,
      0.7905279994010925,
      0.7902079820632935,
      0.792576014995575,
      0.7915520071983337,
      0.7935680150985718,
      0.7905279994010925,
      0.7946239709854126,
      0.7893760204315186,
      0.7905279994010925,
      0.7891200184822083,
      0.7884799838066101,
      0.7915520071983337,
      0.7905279994010925
    ]
  },
  "test_latency_ms": {
    "avg": 0.7405872017145156,
    "min": 0.7360320091247559,
    "max": 0.7536640167236328,
    "all": [
      0.7536640167236328,
      0.7433599829673767,
      0.7413759827613831,
      0.7399680018424988,
      0.7397760152816772,
      0.7393280267715454,
      0.7409279942512512,
      0.7457919716835022,
      0.7370560169219971,
      0.7402240037918091,
      0.7393280267715454,
      0.7398399710655212,
      0.7360320091247559,
      0.7361599802970886,
      0.7393280267715454,
      0.7391999959945679,
      0.7385600209236145,
      0.7411199808120728,
      0.7413759827613831,
      0.7393280267715454
    ]
  },
  "num_runs": 20,
  "model_init_args": [
    32,
    64,
    3,
    [
      64,
      1,
      1
    ]
  ],
  "model_init_kwargs": {},
  "seed": 100,
  "align_stats": {
    "pair_aligner": 1,
    "copied_same_shape": 1,
    "mapped_shape": 0,
    "skipped": 0,
    "pair_key": "Model->ModelNew"
  },
  "runnable": true,
  "phase": "seed",
  "score": 1.0710571233431312
}