{
  "timestamp": "2025-08-15T14:15:50",
  "reference_file": "KernelBench/test/13_Matmul_for_symmetric_matrices.py",
  "candidate_file": "/home/wan00559/baseline/run/20250815_140613_13_Matmul_for_symmetric_matrices/code/kernel_20250815_141448.py",
  "tolerance": 0.001,
  "max_abs_err": 0.0001983642578125,
  "mean_abs_err": 3.2494746847078204e-05,
  "ref_latency_ms": {
    "avg": 0.07216800004243851,
    "min": 0.06790400296449661,
    "max": 0.0867839977145195,
    "all": [
      0.0867839977145195,
      0.08396799862384796,
      0.08182399719953537,
      0.08054400235414505,
      0.06963200122117996,
      0.06963200122117996,
      0.06963200122117996,
      0.06931199878454208,
      0.07004799693822861,
      0.06963200122117996,
      0.06963200122117996,
      0.06790400296449661,
      0.06963200122117996,
      0.06950400024652481,
      0.06812799721956253,
      0.06963200122117996,
      0.06931199878454208,
      0.06896000355482101,
      0.06963200122117996,
      0.07001599669456482
    ]
  },
  "test_latency_ms": {
    "avg": 0.23538560047745705,
    "min": 0.23347200453281403,
    "max": 0.24131199717521667,
    "all": [
      0.23846399784088135,
      0.23871999979019165,
      0.23552000522613525,
      0.23478400707244873,
      0.23395200073719025,
      0.2359679937362671,
      0.235167995095253,
      0.23350399732589722,
      0.23475199937820435,
      0.23507200181484222,
      0.23347200453281403,
      0.2343679964542389,
      0.24131199717521667,
      0.23552000522613525,
      0.23552000522613525,
      0.23347200453281403,
      0.23555199801921844,
      0.2341119945049286,
      0.23468799889087677,
      0.2337920069694519
    ]
  },
  "num_runs": 20,
  "model_init_args": [],
  "model_init_kwargs": {},
  "runnable": true,
  "phase": "seed",
  "score": 0.30659479550173274
}