{
  "timestamp": "2025-08-29T10:07:28",
  "reference_file": "KernelBench/level2test2/21_Conv2d_Add_Scale_Sigmoid_GroupNorm.py",
  "candidate_file": "/home/wan00559/pipleline/run/20250829_100325_batch_first10/21_Conv2d_Add_Scale_Sigmoid_GroupNorm/code/kernel_20250829_100618.py",
  "tolerance": 0.001,
  "max_abs_err": 0.0,
  "mean_abs_err": 0.0,
  "ref_latency_ms": {
    "avg": 1.7849007964134216,
    "min": 1.7792960405349731,
    "max": 1.802240014076233,
    "all": [
      1.802240014076233,
      1.7861440181732178,
      1.7940479516983032,
      1.7832640409469604,
      1.785856008529663,
      1.786687970161438,
      1.7860159873962402,
      1.7854399681091309,
      1.7817599773406982,
      1.7802560329437256,
      1.7800639867782593,
      1.784608006477356,
      1.7848320007324219,
      1.7792960405349731,
      1.7838399410247803,
      1.782528042793274,
      1.785248041152954,
      1.7817599773406982,
      1.7827199697494507,
      1.7814079523086548
    ]
  },
  "test_latency_ms": {
    "avg": 1.4454336047172547,
    "min": 1.440127968788147,
    "max": 1.4550080299377441,
    "all": [
      1.4540799856185913,
      1.45033597946167,
      1.4436800479888916,
      1.4455679655075073,
      1.4550080299377441,
      1.4422719478607178,
      1.4436160326004028,
      1.4485440254211426,
      1.4446079730987549,
      1.4415680170059204,
      1.4495680332183838,
      1.4431999921798706,
      1.4436800479888916,
      1.4438400268554688,
      1.443295955657959,
      1.4438400268554688,
      1.440127968788147,
      1.4458880424499512,
      1.4439040422439575,
      1.4420479536056519
    ]
  },
  "num_runs": 20,
  "model_init_args": [
    4,
    16,
    3,
    8,
    [
      16,
      1,
      1
    ],
    [
      16,
      1,
      1
    ]
  ],
  "model_init_kwargs": {},
  "seed": 100,
  "align_stats": {
    "pair_aligner": 1,
    "copied_same_shape": 1,
    "mapped_shape": 0,
    "skipped": 0,
    "pair_key": "Model->ModelNew"
  },
  "runnable": true,
  "phase": "repair",
  "score": 1.2348549186820457
}