{
  "timestamp": "2025-08-27T14:35:52",
  "reference_file": "KernelBench/level2test3/19_ConvTranspose2d_GELU_GroupNorm.py",
  "candidate_file": "/home/wan00559/pipleline/run/20250827_140941_batch_first10/19_ConvTranspose2d_GELU_GroupNorm/code/kernel_20250827_143445.py",
  "tolerance": 0.001,
  "max_abs_err": 1.430511474609375e-06,
  "mean_abs_err": 4.659147023744481e-08,
  "ref_latency_ms": {
    "avg": 6.5256576299667355,
    "min": 6.510591983795166,
    "max": 6.539552211761475,
    "all": [
      6.534976005554199,
      6.521664142608643,
      6.5228800773620605,
      6.5378241539001465,
      6.532735824584961,
      6.520832061767578,
      6.518655776977539,
      6.516704082489014,
      6.530208110809326,
      6.529024124145508,
      6.526303768157959,
      6.510591983795166,
      6.526591777801514,
      6.5294718742370605,
      6.529024124145508,
      6.524991989135742,
      6.512800216674805,
      6.539552211761475,
      6.523168087005615,
      6.525152206420898
    ]
  },
  "test_latency_ms": {
    "avg": 23.88137435913086,
    "min": 23.856767654418945,
    "max": 23.897695541381836,
    "all": [
      23.895456314086914,
      23.897695541381836,
      23.879392623901367,
      23.878559112548828,
      23.87558364868164,
      23.87763214111328,
      23.86310386657715,
      23.879680633544922,
      23.877471923828125,
      23.856767654418945,
      23.887615203857422,
      23.893184661865234,
      23.880191802978516,
      23.886112213134766,
      23.87763214111328,
      23.891456604003906,
      23.890111923217773,
      23.88172721862793,
      23.88377571105957,
      23.87433624267578
    ]
  },
  "num_runs": 20,
  "model_init_args": [
    32,
    32,
    3,
    1,
    8,
    8
  ],
  "model_init_kwargs": {},
  "seed": 100,
  "align_stats": {
    "pair_aligner": 1,
    "copied_same_shape": 1,
    "mapped_shape": 0,
    "skipped": 0,
    "pair_key": "Model->ModelNew"
  },
  "runnable": true,
  "phase": "repair",
  "score": 0.2732530185169892
}