{
  "timestamp": "2025-08-28T17:16:12",
  "reference_file": "KernelBench/level3test/6_GoogleNetInceptionModule.py",
  "candidate_file": "/home/wan00559/pipleline/run/20250828_154447_batch_first13/6_GoogleNetInceptionModule/code/kernel_20250828_171508.py",
  "tolerance": 0.001,
  "max_abs_err": 0.0,
  "mean_abs_err": 0.0,
  "ref_latency_ms": {
    "avg": 2.957443189620972,
    "min": 2.930176019668579,
    "max": 3.336064100265503,
    "all": [
      3.336064100265503,
      2.9490880966186523,
      2.941728115081787,
      2.9327359199523926,
      2.930176019668579,
      2.937376022338867,
      2.93887996673584,
      2.936608076095581,
      2.9361279010772705,
      2.9369919300079346,
      2.9304959774017334,
      2.9381120204925537,
      2.9328958988189697,
      2.935551881790161,
      2.9306559562683105,
      2.93887996673584,
      2.9380478858947754,
      2.9438719749450684,
      2.9407360553741455,
      2.9438400268554688
    ]
  },
  "test_latency_ms": {
    "avg": 2.779976010322571,
    "min": 2.7650880813598633,
    "max": 2.7923519611358643,
    "all": [
      2.791424036026001,
      2.781183958053589,
      2.7834880352020264,
      2.7756800651550293,
      2.7772159576416016,
      2.7809600830078125,
      2.781440019607544,
      2.772991895675659,
      2.7750399112701416,
      2.7720959186553955,
      2.7650880813598633,
      2.7771201133728027,
      2.7791359424591064,
      2.7749440670013428,
      2.7852799892425537,
      2.7923519611358643,
      2.787264108657837,
      2.781183958053589,
      2.7803521156311035,
      2.7852799892425537
    ]
  },
  "num_runs": 20,
  "model_init_args": [
    480,
    192,
    96,
    208,
    16,
    48,
    64
  ],
  "model_init_kwargs": {},
  "seed": 100,
  "align_stats": {
    "copied_same_shape": 12,
    "unique_shape_copied": 0,
    "mapped_shape": 0,
    "skipped": 0,
    "pair_aligner": 0,
    "pair_key": "Model->ModelNew"
  },
  "runnable": true,
  "phase": "seed",
  "score": 1.0638376657350395
}