{
  "timestamp": "2025-08-27T14:16:00",
  "reference_file": "KernelBench/level2test4/32_Conv2d_Scaling_Min.py",
  "candidate_file": "/home/wan00559/pipleline/run/20250827_141012_batch_first10/32_Conv2d_Scaling_Min/code/kernel_20250827_141450.py",
  "tolerance": 0.001,
  "max_abs_err": 0.0,
  "mean_abs_err": 0.0,
  "ref_latency_ms": {
    "avg": 2.8437552094459533,
    "min": 2.8363521099090576,
    "max": 2.87443208694458,
    "all": [
      2.87443208694458,
      2.8492159843444824,
      2.8446719646453857,
      2.8429760932922363,
      2.844383955001831,
      2.8418240547180176,
      2.844640016555786,
      2.840480089187622,
      2.841439962387085,
      2.8412160873413086,
      2.837951898574829,
      2.8453760147094727,
      2.8363521099090576,
      2.8379199504852295,
      2.8417599201202393,
      2.8369600772857666,
      2.8385279178619385,
      2.8504960536956787,
      2.8431999683380127,
      2.841279983520508
    ]
  },
  "test_latency_ms": {
    "avg": 2.3662767887115477,
    "min": 2.340735912322998,
    "max": 2.730304002761841,
    "all": [
      2.730304002761841,
      2.369215965270996,
      2.3592960834503174,
      2.3465919494628906,
      2.34550404548645,
      2.348992109298706,
      2.347007989883423,
      2.342911958694458,
      2.3446719646453857,
      2.3431038856506348,
      2.3633921146392822,
      2.3411200046539307,
      2.344736099243164,
      2.344575881958008,
      2.342911958694458,
      2.341887950897217,
      2.34118390083313,
      2.3408639430999756,
      2.3465280532836914,
      2.340735912322998
    ]
  },
  "num_runs": 20,
  "model_init_args": [
    32,
    64,
    3,
    2.0
  ],
  "model_init_kwargs": {},
  "seed": 100,
  "align_stats": {
    "pair_aligner": 1,
    "copied_same_shape": 1,
    "mapped_shape": 0,
    "skipped": 0,
    "pair_key": "Model->ModelNew"
  },
  "runnable": true,
  "phase": "repair",
  "score": 1.201784686817807
}