{
  "timestamp": "2025-08-28T16:10:52",
  "reference_file": "KernelBench/level3test3/46_NetVladWithGhostClusters.py",
  "candidate_file": "/home/wan00559/pipleline/run/20250828_154631_batch_first10/46_NetVladWithGhostClusters/code/kernel_20250828_160947.py",
  "tolerance": 0.001,
  "max_abs_err": 1.6763806343078613e-08,
  "mean_abs_err": 2.267833032476574e-09,
  "ref_latency_ms": {
    "avg": 0.9530831962823868,
    "min": 0.9463359713554382,
    "max": 0.9731519818305969,
    "all": [
      0.9718080163002014,
      0.958079993724823,
      0.9564160108566284,
      0.9498559832572937,
      0.9475839734077454,
      0.9503999948501587,
      0.9498239755630493,
      0.9502720236778259,
      0.9463359713554382,
      0.9498879909515381,
      0.9480000138282776,
      0.954367995262146,
      0.9731519818305969,
      0.9495360255241394,
      0.9477760195732117,
      0.9482240080833435,
      0.9552639722824097,
      0.9528319835662842,
      0.954367995262146,
      0.9476799964904785
    ]
  },
  "test_latency_ms": {
    "avg": 1.899403202533722,
    "min": 1.8903039693832397,
    "max": 1.9128320217132568,
    "all": [
      1.896448016166687,
      1.9083839654922485,
      1.8965439796447754,
      1.8984960317611694,
      1.9006719589233398,
      1.903167963027954,
      1.9128320217132568,
      1.896448016166687,
      1.8944000005722046,
      1.8984960317611694,
      1.894271969795227,
      1.8984960317611694,
      1.9088640213012695,
      1.8991999626159668,
      1.8903039693832397,
      1.8994239568710327,
      1.896224021911621,
      1.8997440338134766,
      1.8970880508422852,
      1.8985600471496582
    ]
  },
  "num_runs": 20,
  "model_init_args": [
    16,
    256,
    8
  ],
  "model_init_kwargs": {},
  "seed": 100,
  "align_stats": {
    "copied_same_shape": 7,
    "unique_shape_copied": 0,
    "mapped_shape": 0,
    "skipped": 0,
    "pair_aligner": 0,
    "pair_key": "Model->ModelNew"
  },
  "runnable": true,
  "phase": "seed",
  "score": 0.5017803460639715
}