{
  "timestamp": "2025-08-28T17:09:56",
  "reference_file": "KernelBench/temp/25_ShuffleNetUnit.py",
  "candidate_file": "/home/wan00559/pipleline/run/20250828_162042_batch_first12/25_ShuffleNetUnit/code/kernel_20250828_170852.py",
  "tolerance": 0.001,
  "max_abs_err": 0.0,
  "mean_abs_err": 0.0,
  "ref_latency_ms": {
    "avg": 9.201315259933471,
    "min": 9.056256294250488,
    "max": 9.232000350952148,
    "all": [
      9.221695899963379,
      9.210816383361816,
      9.224191665649414,
      9.223711967468262,
      9.200096130371094,
      9.207807540893555,
      9.207263946533203,
      9.195520401000977,
      9.212575912475586,
      9.23033618927002,
      9.2192964553833,
      9.232000350952148,
      9.215999603271484,
      9.201408386230469,
      9.2161283493042,
      9.19696044921875,
      9.203743934631348,
      9.21945571899414,
      9.1310396194458,
      9.056256294250488
    ]
  },
  "test_latency_ms": {
    "avg": 9.419648027420044,
    "min": 9.402400016784668,
    "max": 9.441823959350586,
    "all": [
      9.425503730773926,
      9.43718433380127,
      9.432319641113281,
      9.416223526000977,
      9.413663864135742,
      9.414560317993164,
      9.410528182983398,
      9.419520378112793,
      9.422687530517578,
      9.42796802520752,
      9.441823959350586,
      9.414624214172363,
      9.402400016784668,
      9.42460823059082,
      9.4235200881958,
      9.418623924255371,
      9.416704177856445,
      9.407808303833008,
      9.414655685424805,
      9.408032417297363
    ]
  },
  "num_runs": 20,
  "model_init_args": [
    120,
    240,
    3
  ],
  "model_init_kwargs": {},
  "seed": 100,
  "align_stats": {
    "copied_same_shape": 24,
    "unique_shape_copied": 0,
    "mapped_shape": 0,
    "skipped": 0,
    "pair_aligner": 0,
    "pair_key": "Model->ModelNew"
  },
  "runnable": true,
  "phase": "seed",
  "score": 0.9768215577852783
}