{
  "timestamp": "2025-08-28T17:07:50",
  "reference_file": "KernelBench/temp/24_EfficientNetB2.py",
  "candidate_file": "/home/wan00559/pipleline/run/20250828_162042_batch_first12/24_EfficientNetB2/code/kernel_20250828_170645.py",
  "tolerance": 0.001,
  "max_abs_err": 0.0,
  "mean_abs_err": 0.0,
  "ref_latency_ms": {
    "avg": 2.9610624074935914,
    "min": 2.9353280067443848,
    "max": 3.004159927368164,
    "all": [
      2.991328001022339,
      2.9900801181793213,
      2.96016001701355,
      2.9424641132354736,
      3.004159927368164,
      2.957376003265381,
      2.943455934524536,
      2.9573121070861816,
      2.9442241191864014,
      2.9481918811798096,
      2.9353280067443848,
      2.959359884262085,
      2.9547200202941895,
      2.9519999027252197,
      2.9405438899993896,
      2.9781761169433594,
      2.961888074874878,
      2.9644479751586914,
      2.9663360118865967,
      2.969696044921875
    ]
  },
  "test_latency_ms": {
    "avg": 3.142960000038147,
    "min": 3.114784002304077,
    "max": 3.197983980178833,
    "all": [
      3.147615909576416,
      3.1456639766693115,
      3.129823923110962,
      3.1189119815826416,
      3.1271679401397705,
      3.129823923110962,
      3.1344640254974365,
      3.114784002304077,
      3.1393280029296875,
      3.1395199298858643,
      3.1334400177001953,
      3.14572811126709,
      3.197983980178833,
      3.1394240856170654,
      3.1169919967651367,
      3.1846399307250977,
      3.1328001022338867,
      3.178208112716675,
      3.1703040599823,
      3.1325759887695312
    ]
  },
  "num_runs": 20,
  "model_init_args": [
    100
  ],
  "model_init_kwargs": {},
  "seed": 100,
  "align_stats": {
    "copied_same_shape": 114,
    "unique_shape_copied": 0,
    "mapped_shape": 0,
    "skipped": 0,
    "pair_aligner": 0,
    "pair_key": "Model->ModelNew"
  },
  "runnable": true,
  "phase": "seed",
  "score": 0.9421253873602121
}