{
  "timestamp": "2025-08-28T17:00:59",
  "reference_file": "KernelBench/temp/22_EfficientNetB0.py",
  "candidate_file": "/home/wan00559/pipleline/run/20250828_162042_batch_first12/22_EfficientNetB0/code/kernel_20250828_165953.py",
  "tolerance": 0.001,
  "max_abs_err": 0.0,
  "mean_abs_err": 0.0,
  "ref_latency_ms": {
    "avg": 4.6257728099822994,
    "min": 4.573184013366699,
    "max": 4.722303867340088,
    "all": [
      4.6381120681762695,
      4.616352081298828,
      4.602303981781006,
      4.609151840209961,
      4.587103843688965,
      4.58512020111084,
      4.661344051361084,
      4.595327854156494,
      4.695040225982666,
      4.7039361000061035,
      4.5871357917785645,
      4.666624069213867,
      4.589759826660156,
      4.585472106933594,
      4.573184013366699,
      4.722303867340088,
      4.585536003112793,
      4.702976226806641,
      4.624927997589111,
      4.583744049072266
    ]
  },
  "test_latency_ms": {
    "avg": 5.041078424453735,
    "min": 5.001120090484619,
    "max": 5.189727783203125,
    "all": [
      5.034751892089844,
      5.014880180358887,
      5.078815937042236,
      5.023712158203125,
      5.063839912414551,
      5.017600059509277,
      5.0733442306518555,
      5.021056175231934,
      5.0032639503479,
      5.005536079406738,
      5.001120090484619,
      5.081088066101074,
      5.189727783203125,
      5.075647830963135,
      5.0135040283203125,
      5.0035200119018555,
      5.095424175262451,
      5.002143859863281,
      5.005311965942383,
      5.017280101776123
    ]
  },
  "num_runs": 20,
  "model_init_args": [
    100
  ],
  "model_init_kwargs": {},
  "seed": 100,
  "align_stats": {
    "copied_same_shape": 242,
    "unique_shape_copied": 0,
    "mapped_shape": 0,
    "skipped": 0,
    "pair_aligner": 0,
    "pair_key": "Model->ModelNew"
  },
  "runnable": true,
  "phase": "repair",
  "score": 0.9176157203869648
}