{
  "timestamp": "2025-08-28T19:20:44",
  "reference_file": "KernelBench/temp1/50_ReLUSelfAttention.py",
  "candidate_file": "/home/wan00559/pipleline/run/20250828_191841_50_ReLUSelfAttention/50_ReLUSelfAttention/code/kernel_20250828_191938.py",
  "tolerance": 0.001,
  "max_abs_err": 0.0,
  "mean_abs_err": 0.0,
  "ref_latency_ms": {
    "avg": 3.838577592372894,
    "min": 3.7762560844421387,
    "max": 3.9772160053253174,
    "all": [
      3.9772160053253174,
      3.950592041015625,
      3.9465599060058594,
      3.942591905593872,
      3.9481918811798096,
      3.944063901901245,
      3.803136110305786,
      3.7935359477996826,
      3.8127999305725098,
      3.8061439990997314,
      3.799583911895752,
      3.7762560844421387,
      3.7840640544891357,
      3.7793920040130615,
      3.7847039699554443,
      3.779616117477417,
      3.782655954360962,
      3.7908480167388916,
      3.785088062286377,
      3.7845120429992676
    ]
  },
  "test_latency_ms": {
    "avg": 36.805686950683594,
    "min": 36.620479583740234,
    "max": 37.23263931274414,
    "all": [
      37.23263931274414,
      36.848384857177734,
      36.907615661621094,
      36.76889419555664,
      36.68582534790039,
      36.85990524291992,
      36.71238327026367,
      36.69852828979492,
      36.791969299316406,
      36.80316925048828,
      36.715553283691406,
      36.68582534790039,
      36.78617477416992,
      36.75632095336914,
      36.71859359741211,
      36.72140884399414,
      36.620479583740234,
      36.74915313720703,
      36.84128189086914,
      37.209632873535156
    ]
  },
  "num_runs": 20,
  "model_init_args": [
    768,
    12,
    512
  ],
  "model_init_kwargs": {},
  "seed": 100,
  "align_stats": {
    "copied_same_shape": 3,
    "unique_shape_copied": 0,
    "mapped_shape": 0,
    "skipped": 0,
    "pair_aligner": 0,
    "pair_key": "Model->ModelNew"
  },
  "runnable": true,
  "phase": "seed",
  "score": 0.10429305660063493
}