{
  "timestamp": "2025-08-27T14:30:09",
  "reference_file": "KernelBench/level2test3/17_Conv2d_InstanceNorm_Divide.py",
  "candidate_file": "/home/wan00559/pipleline/run/20250827_140941_batch_first10/17_Conv2d_InstanceNorm_Divide/code/kernel_20250827_142902.py",
  "tolerance": 0.001,
  "max_abs_err": 1.537799835205078e-05,
  "mean_abs_err": 1.988104827432835e-07,
  "ref_latency_ms": {
    "avg": 1.600734406709671,
    "min": 1.5978879928588867,
    "max": 1.6035840511322021,
    "all": [
      1.6015360355377197,
      1.6033600568771362,
      1.6023999452590942,
      1.6022080183029175,
      1.6035840511322021,
      1.6035840511322021,
      1.6015679836273193,
      1.599519968032837,
      1.600160002708435,
      1.5993599891662598,
      1.5994880199432373,
      1.6002559661865234,
      1.6025919914245605,
      1.6014399528503418,
      1.5993280410766602,
      1.5994880199432373,
      1.5994880199432373,
      1.5978879928588867,
      1.5994880199432373,
      1.5979520082473755
    ]
  },
  "test_latency_ms": {
    "avg": 1.3150112092494965,
    "min": 1.3127679824829102,
    "max": 1.3174079656600952,
    "all": [
      1.3131840229034424,
      1.3147200345993042,
      1.316480040550232,
      1.315392017364502,
      1.3127679824829102,
      1.3148159980773926,
      1.3148800134658813,
      1.3148159980773926,
      1.316383957862854,
      1.3174079656600952,
      1.3129279613494873,
      1.3148159980773926,
      1.3152320384979248,
      1.3162879943847656,
      1.3148159980773926,
      1.3139840364456177,
      1.316864013671875,
      1.315392017364502,
      1.3142720460891724,
      1.314784049987793
    ]
  },
  "num_runs": 20,
  "model_init_args": [
    32,
    64,
    3,
    2.0
  ],
  "model_init_kwargs": {},
  "seed": 100,
  "align_stats": {
    "pair_aligner": 1,
    "copied_same_shape": 1,
    "mapped_shape": 0,
    "skipped": 0,
    "pair_key": "Model->ModelNew"
  },
  "runnable": true,
  "phase": "repair",
  "score": 1.2172781459583468
}