{
  "timestamp": "2025-08-27T14:22:50",
  "reference_file": "KernelBench/level2test/2_ConvTranspose2d_BiasAdd_Clamp_Scaling_Clamp_Divide.py",
  "candidate_file": "/home/wan00559/pipleline/run/20250827_140418_batch_first10/2_ConvTranspose2d_BiasAdd_Clamp_Scaling_Clamp_Divide/code/kernel_20250827_142140.py",
  "tolerance": 0.001,
  "max_abs_err": 0.0,
  "mean_abs_err": 0.0,
  "ref_latency_ms": {
    "avg": 7.2843647480010985,
    "min": 7.259232044219971,
    "max": 7.316671848297119,
    "all": [
      7.297056198120117,
      7.259232044219971,
      7.299071788787842,
      7.298463821411133,
      7.2718400955200195,
      7.294591903686523,
      7.283455848693848,
      7.283999919891357,
      7.270175933837891,
      7.280640125274658,
      7.283423900604248,
      7.283487796783447,
      7.275455951690674,
      7.2684478759765625,
      7.284736156463623,
      7.276319980621338,
      7.278592109680176,
      7.282559871673584,
      7.299071788787842,
      7.316671848297119
    ]
  },
  "test_latency_ms": {
    "avg": 4.896635246276856,
    "min": 4.85913610458374,
    "max": 5.040575981140137,
    "all": [
      5.040575981140137,
      4.935711860656738,
      4.907968044281006,
      4.9088640213012695,
      4.912320137023926,
      4.896768093109131,
      4.886528015136719,
      4.869952201843262,
      4.9049601554870605,
      4.916927814483643,
      4.8660478591918945,
      4.8803839683532715,
      4.878176212310791,
      4.881408214569092,
      4.888448238372803,
      4.886528015136719,
      4.8654398918151855,
      4.884479999542236,
      4.85913610458374,
      4.862080097198486
    ]
  },
  "num_runs": 20,
  "model_init_args": [
    32,
    32,
    3,
    2,
    1,
    1,
    [
      32,
      1,
      1
    ],
    2.0
  ],
  "model_init_kwargs": {},
  "seed": 100,
  "align_stats": {
    "pair_aligner": 1,
    "copied_same_shape": 1,
    "mapped_shape": 0,
    "skipped": 0,
    "pair_key": "Model->ModelNew"
  },
  "runnable": true,
  "phase": "repair",
  "score": 1.4876265806279418
}