{
  "timestamp": "2025-08-27T14:12:26",
  "reference_file": "KernelBench/level2test4/31_Conv2d_Min_Add_Multiply.py",
  "candidate_file": "/home/wan00559/pipleline/run/20250827_141012_batch_first10/31_Conv2d_Min_Add_Multiply/code/kernel_20250827_141115.py",
  "tolerance": 0.001,
  "max_abs_err": 0.0,
  "mean_abs_err": 0.0,
  "ref_latency_ms": {
    "avg": 1.7260768115520477,
    "min": 1.7197120189666748,
    "max": 1.7463040351867676,
    "all": [
      1.7463040351867676,
      1.7288960218429565,
      1.7265599966049194,
      1.7243839502334595,
      1.726464033126831,
      1.7243520021438599,
      1.7241920232772827,
      1.7240320444107056,
      1.7212799787521362,
      1.7287360429763794,
      1.730239987373352,
      1.7270400524139404,
      1.7231999635696411,
      1.7261120080947876,
      1.726464033126831,
      1.7244160175323486,
      1.7244160175323486,
      1.7203199863433838,
      1.7197120189666748,
      1.7244160175323486
    ]
  },
  "test_latency_ms": {
    "avg": 1.3844944059848785,
    "min": 1.381824016571045,
    "max": 1.3970240354537964,
    "all": [
      1.3970240354537964,
      1.388543963432312,
      1.38428795337677,
      1.3844480514526367,
      1.3837759494781494,
      1.3833600282669067,
      1.3821120262145996,
      1.3820480108261108,
      1.3823679685592651,
      1.3844480514526367,
      1.3824000358581543,
      1.3824000358581543,
      1.382207989692688,
      1.3932160139083862,
      1.3831039667129517,
      1.3827519416809082,
      1.381824016571045,
      1.3827840089797974,
      1.384384036064148,
      1.3824000358581543
    ]
  },
  "num_runs": 20,
  "model_init_args": [
    32,
    64,
    3,
    0.5,
    [
      64,
      1,
      1
    ],
    2.0
  ],
  "model_init_kwargs": {},
  "seed": 100,
  "align_stats": {
    "pair_aligner": 1,
    "copied_same_shape": 1,
    "mapped_shape": 0,
    "skipped": 0,
    "pair_key": "Model->ModelNew"
  },
  "runnable": true,
  "phase": "seed",
  "score": 1.2467199607962158
}