{
  "timestamp": "2025-08-28T17:17:45",
  "reference_file": "KernelBench/temp/28_VisionTransformer.py",
  "candidate_file": "/home/wan00559/pipleline/run/20250828_162042_batch_first12/28_VisionTransformer/code/kernel_20250828_171635.py",
  "tolerance": 0.001,
  "max_abs_err": 0.0,
  "mean_abs_err": 0.0,
  "ref_latency_ms": {
    "avg": 5.285702419281006,
    "min": 5.26691198348999,
    "max": 5.375999927520752,
    "all": [
      5.375999927520752,
      5.281792163848877,
      5.267519950866699,
      5.330944061279297,
      5.272799968719482,
      5.273536205291748,
      5.26691198348999,
      5.272223949432373,
      5.268640041351318,
      5.280191898345947,
      5.277696132659912,
      5.287680149078369,
      5.288959980010986,
      5.278528213500977,
      5.28988790512085,
      5.284031867980957,
      5.283455848693848,
      5.286880016326904,
      5.270431995391846,
      5.275936126708984
    ]
  },
  "test_latency_ms": {
    "avg": 5.267047977447509,
    "min": 5.238719940185547,
    "max": 5.320320129394531,
    "all": [
      5.267104148864746,
      5.264895915985107,
      5.320320129394531,
      5.27020788192749,
      5.264959812164307,
      5.266111850738525,
      5.25926399230957,
      5.273600101470947,
      5.257215976715088,
      5.257120132446289,
      5.263360023498535,
      5.263360023498535,
      5.255263805389404,
      5.26694393157959,
      5.299232006072998,
      5.295839786529541,
      5.238719940185547,
      5.247551918029785,
      5.261760234832764,
      5.2481279373168945
    ]
  },
  "num_runs": 20,
  "model_init_args": [
    112,
    16,
    10,
    512,
    6,
    8,
    2048,
    3,
    0.0,
    0.0
  ],
  "model_init_kwargs": {},
  "seed": 100,
  "align_stats": {
    "copied_same_shape": 80,
    "unique_shape_copied": 0,
    "mapped_shape": 0,
    "skipped": 0,
    "pair_aligner": 0,
    "pair_key": "Model->ModelNew"
  },
  "runnable": true,
  "phase": "seed",
  "score": 1.0035417262028694
}