{
  "timestamp": "2025-08-28T16:22:59",
  "reference_file": "KernelBench/level3test2/33_VanillaRNN.py",
  "candidate_file": "/home/wan00559/pipleline/run/20250828_154552_batch_first10/33_VanillaRNN/code/kernel_20250828_162151.py",
  "tolerance": 0.001,
  "max_abs_err": 0.0,
  "mean_abs_err": 0.0,
  "ref_latency_ms": {
    "avg": 10.44680323600769,
    "min": 10.255840301513672,
    "max": 10.940671920776367,
    "all": [
      10.568767547607422,
      10.565119743347168,
      10.373087882995605,
      10.940671920776367,
      10.625056266784668,
      10.332159996032715,
      10.358624458312988,
      10.500672340393066,
      10.37007999420166,
      10.36620807647705,
      10.559040069580078,
      10.310400009155273,
      10.383584022521973,
      10.524064064025879,
      10.313728332519531,
      10.340543746948242,
      10.64352035522461,
      10.29804801940918,
      10.255840301513672,
      10.30684757232666
    ]
  },
  "test_latency_ms": {
    "avg": 10.613129615783691,
    "min": 10.342144012451172,
    "max": 10.885120391845703,
    "all": [
      10.565728187561035,
      10.645600318908691,
      10.512384414672852,
      10.462176322937012,
      10.772480010986328,
      10.702207565307617,
      10.544159889221191,
      10.642080307006836,
      10.737728118896484,
      10.713888168334961,
      10.561663627624512,
      10.729887962341309,
      10.342144012451172,
      10.492032051086426,
      10.754015922546387,
      10.885120391845703,
      10.595071792602539,
      10.640959739685059,
      10.52467155456543,
      10.438591957092285
    ]
  },
  "num_runs": 20,
  "model_init_args": [
    8192,
    8192,
    4096
  ],
  "model_init_kwargs": {},
  "seed": 100,
  "align_stats": {
    "copied_same_shape": 4,
    "unique_shape_copied": 0,
    "mapped_shape": 0,
    "skipped": 1,
    "pair_aligner": 0,
    "pair_key": "Model->ModelNew"
  },
  "runnable": true,
  "phase": "seed",
  "score": 0.9843282438076849
}