{
  "timestamp": "2025-08-28T15:53:42",
  "reference_file": "KernelBench/level3test3/42_GRUBidirectionalHidden.py",
  "candidate_file": "/home/wan00559/pipleline/run/20250828_154631_batch_first10/42_GRUBidirectionalHidden/code/kernel_20250828_155231.py",
  "tolerance": 0.001,
  "max_abs_err": 0.0,
  "mean_abs_err": 0.0,
  "ref_latency_ms": {
    "avg": 4.204305601119995,
    "min": 4.189119815826416,
    "max": 4.242303848266602,
    "all": [
      4.242303848266602,
      4.204736232757568,
      4.202559947967529,
      4.196896076202393,
      4.189119815826416,
      4.195263862609863,
      4.227680206298828,
      4.2188801765441895,
      4.204319953918457,
      4.199103832244873,
      4.19049596786499,
      4.1943039894104,
      4.192255973815918,
      4.197887897491455,
      4.197184085845947,
      4.222976207733154,
      4.196959972381592,
      4.1902079582214355,
      4.21676778793335,
      4.206208229064941
    ]
  },
  "test_latency_ms": {
    "avg": 4.037249577045441,
    "min": 3.285504102706909,
    "max": 4.251711845397949,
    "all": [
      4.251711845397949,
      4.231167793273926,
      4.219871997833252,
      4.219359874725342,
      4.222623825073242,
      4.21068811416626,
      4.2090559005737305,
      4.204063892364502,
      4.214784145355225,
      4.208096027374268,
      4.21068811416626,
      4.210207939147949,
      4.21727991104126,
      4.220704078674316,
      4.220928192138672,
      4.2217278480529785,
      3.3070719242095947,
      3.3704640865325928,
      3.288991928100586,
      3.285504102706909
    ]
  },
  "num_runs": 20,
  "model_init_args": [
    64,
    128,
    6
  ],
  "model_init_kwargs": {},
  "seed": 100,
  "align_stats": {
    "copied_same_shape": 48,
    "unique_shape_copied": 0,
    "mapped_shape": 0,
    "skipped": 0,
    "pair_aligner": 0,
    "pair_key": "Model->ModelNew"
  },
  "runnable": true,
  "phase": "repair",
  "score": 1.0413786715154751
}