{
  "timestamp": "2025-08-27T14:51:10",
  "reference_file": "KernelBench/temp/9_Matmul_Subtract_Multiply_ReLU.py",
  "candidate_file": "/home/wan00559/pipleline/run/20250827_143644_batch_first6/9_Matmul_Subtract_Multiply_ReLU/code/kernel_20250827_145005.py",
  "tolerance": 0.001,
  "max_abs_err": 0.0,
  "mean_abs_err": 0.0,
  "ref_latency_ms": {
    "avg": 1.7170992016792297,
    "min": 1.7085440158843994,
    "max": 1.7340799570083618,
    "all": [
      1.729599952697754,
      1.7167359590530396,
      1.716223955154419,
      1.7171519994735718,
      1.7139840126037598,
      1.7133760452270508,
      1.7150720357894897,
      1.7340799570083618,
      1.7161279916763306,
      1.7128000259399414,
      1.729472041130066,
      1.7281919717788696,
      1.7141120433807373,
      1.7155200242996216,
      1.711967945098877,
      1.7108160257339478,
      1.711967945098877,
      1.709920048713684,
      1.7163200378417969,
      1.7085440158843994
    ]
  },
  "test_latency_ms": {
    "avg": 1.6751615822315216,
    "min": 1.6670080423355103,
    "max": 1.6919039487838745,
    "all": [
      1.6834559440612793,
      1.6919039487838745,
      1.6711679697036743,
      1.6708799600601196,
      1.6687359809875488,
      1.6709120273590088,
      1.6705600023269653,
      1.6707839965820312,
      1.684928059577942,
      1.6711679697036743,
      1.6694719791412354,
      1.670591950416565,
      1.6834880113601685,
      1.669119954109192,
      1.6842559576034546,
      1.6834559440612793,
      1.6670080423355103,
      1.6834559440612793,
      1.667072057723999,
      1.6708159446716309
    ]
  },
  "num_runs": 20,
  "model_init_args": [
    4096,
    4096,
    2.0,
    1.5
  ],
  "model_init_kwargs": {},
  "seed": 100,
  "align_stats": {
    "copied_same_shape": 2,
    "unique_shape_copied": 0,
    "mapped_shape": 0,
    "skipped": 0,
    "pair_aligner": 0,
    "pair_key": "Model->ModelNew"
  },
  "runnable": true,
  "phase": "seed",
  "score": 1.0250349696963812
}