{
  "timestamp": "2025-08-27T14:22:29",
  "reference_file": "KernelBench/level2test2/24_Conv3d_Min_Softmax.py",
  "candidate_file": "/home/wan00559/pipleline/run/20250827_140702_batch_first10/24_Conv3d_Min_Softmax/code/kernel_20250827_142120.py",
  "tolerance": 0.001,
  "max_abs_err": 0.0,
  "mean_abs_err": 0.0,
  "ref_latency_ms": {
    "avg": 0.2227407991886139,
    "min": 0.2186879962682724,
    "max": 0.24393600225448608,
    "all": [
      0.24393600225448608,
      0.22406400740146637,
      0.22144000232219696,
      0.22118400037288666,
      0.22323200106620789,
      0.22111999988555908,
      0.22118400037288666,
      0.22092799842357635,
      0.2292799949645996,
      0.22198399901390076,
      0.21935999393463135,
      0.2210559993982315,
      0.22006399929523468,
      0.22150400280952454,
      0.22086399793624878,
      0.2223999947309494,
      0.2186879962682724,
      0.22323200106620789,
      0.22047999501228333,
      0.21881599724292755
    ]
  },
  "test_latency_ms": {
    "avg": 0.2171456001698971,
    "min": 0.2136639952659607,
    "max": 0.22499200701713562,
    "all": [
      0.22499200701713562,
      0.21846400201320648,
      0.22467200458049774,
      0.21833600103855133,
      0.21507200598716736,
      0.21568000316619873,
      0.2170879989862442,
      0.21836799383163452,
      0.21503999829292297,
      0.21536000072956085,
      0.2136639952659607,
      0.2186560034751892,
      0.21503999829292297,
      0.2136639952659607,
      0.21568000316619873,
      0.2245119959115982,
      0.21503999829292297,
      0.2138880044221878,
      0.21465599536895752,
      0.21503999829292297
    ]
  },
  "num_runs": 20,
  "model_init_args": [
    3,
    12,
    3,
    2
  ],
  "model_init_kwargs": {},
  "seed": 100,
  "align_stats": {
    "pair_aligner": 1,
    "copied_same_shape": 1,
    "mapped_shape": 0,
    "skipped": 0,
    "pair_key": "Model->ModelNew"
  },
  "runnable": true,
  "phase": "seed",
  "score": 1.0257670384034447
}