{
  "timestamp": "2025-08-27T13:56:44",
  "reference_file": "KernelBench/level2test/1_Conv2D_ReLU_BiasAdd.py",
  "candidate_file": "/home/wan00559/pipleline/run/20250827_135335_1_Conv2D_ReLU_BiasAdd/1_Conv2D_ReLU_BiasAdd/code/kernel_20250827_135538.py",
  "tolerance": 0.001,
  "max_abs_err": 0.0,
  "mean_abs_err": 0.0,
  "ref_latency_ms": {
    "avg": 0.7976704001426697,
    "min": 0.7884799838066101,
    "max": 0.8300480246543884,
    "all": [
      0.8287680149078369,
      0.8049600124359131,
      0.7967680096626282,
      0.7943999767303467,
      0.7912319898605347,
      0.7918400168418884,
      0.796671986579895,
      0.7901759743690491,
      0.7910400032997131,
      0.792576014995575,
      0.7911679744720459,
      0.7884799838066101,
      0.7895039916038513,
      0.792576014995575,
      0.8300480246543884,
      0.8089600205421448,
      0.8033919930458069,
      0.7905279994010925,
      0.789792001247406,
      0.7905279994010925
    ]
  },
  "test_latency_ms": {
    "avg": 0.7438688009977341,
    "min": 0.7393280267715454,
    "max": 0.7577599883079529,
    "all": [
      0.7577599883079529,
      0.7483839988708496,
      0.7454720139503479,
      0.7432640194892883,
      0.7402240037918091,
      0.7413759827613831,
      0.7439680099487305,
      0.7434239983558655,
      0.7409600019454956,
      0.7393280267715454,
      0.7454720139503479,
      0.7442240118980408,
      0.7491520047187805,
      0.7424960136413574,
      0.7413759827613831,
      0.7434239983558655,
      0.742688000202179,
      0.7413759827613831,
      0.7416319847106934,
      0.7413759827613831
    ]
  },
  "num_runs": 20,
  "model_init_args": [
    32,
    64,
    3,
    [
      64,
      1,
      1
    ]
  ],
  "model_init_kwargs": {},
  "seed": 100,
  "align_stats": {
    "pair_aligner": 1,
    "copied_same_shape": 1,
    "mapped_shape": 0,
    "skipped": 0,
    "pair_key": "Model->ModelNew"
  },
  "runnable": true,
  "phase": "repair",
  "score": 1.0723267316397362
}