{
  "timestamp": "2025-08-28T16:56:10",
  "reference_file": "KernelBench/temp/21_EfficientNetMBConv.py",
  "candidate_file": "/home/wan00559/pipleline/run/20250828_162042_batch_first12/21_EfficientNetMBConv/code/kernel_20250828_165500.py",
  "tolerance": 0.001,
  "max_abs_err": 0.0,
  "mean_abs_err": 0.0,
  "ref_latency_ms": {
    "avg": 5.163436770439148,
    "min": 5.152768135070801,
    "max": 5.204192161560059,
    "all": [
      5.204192161560059,
      5.161183834075928,
      5.169151782989502,
      5.165184020996094,
      5.154816150665283,
      5.157055854797363,
      5.156703948974609,
      5.1559038162231445,
      5.152768135070801,
      5.166207790374756,
      5.16377592086792,
      5.165503978729248,
      5.160736083984375,
      5.1565117835998535,
      5.15664005279541,
      5.1609601974487305,
      5.161375999450684,
      5.158912181854248,
      5.165535926818848,
      5.1756157875061035
    ]
  },
  "test_latency_ms": {
    "avg": 4.309895992279053,
    "min": 4.1645121574401855,
    "max": 4.452479839324951,
    "all": [
      4.452479839324951,
      4.4048638343811035,
      4.410751819610596,
      4.403200149536133,
      4.40118408203125,
      4.410175800323486,
      4.407040119171143,
      4.405632019042969,
      4.405248165130615,
      4.407040119171143,
      4.344351768493652,
      4.221536159515381,
      4.214784145355225,
      4.215295791625977,
      4.206719875335693,
      4.180384159088135,
      4.180160045623779,
      4.180575847625732,
      4.181983947753906,
      4.1645121574401855
    ]
  },
  "num_runs": 20,
  "model_init_args": [
    112,
    192,
    5,
    2,
    6
  ],
  "model_init_kwargs": {},
  "seed": 100,
  "align_stats": {
    "copied_same_shape": 18,
    "unique_shape_copied": 0,
    "mapped_shape": 0,
    "skipped": 0,
    "pair_aligner": 0,
    "pair_key": "Model->ModelNew"
  },
  "runnable": true,
  "phase": "seed",
  "score": 1.1980420826138654
}