{
  "timestamp": "2025-08-27T14:49:35",
  "reference_file": "KernelBench/temp1/38_ConvTranspose3d_AvgPool_Clamp_Softmax_Multiply.py",
  "candidate_file": "/home/wan00559/pipleline/run/20250827_144354_batch_first5/38_ConvTranspose3d_AvgPool_Clamp_Softmax_Multiply/code/kernel_20250827_144831.py",
  "tolerance": 0.001,
  "max_abs_err": 0.0,
  "mean_abs_err": 0.0,
  "ref_latency_ms": {
    "avg": 8.7581392288208,
    "min": 8.609312057495117,
    "max": 9.1364164352417,
    "all": [
      9.1364164352417,
      9.119744300842285,
      8.775615692138672,
      8.771583557128906,
      8.772064208984375,
      8.769472122192383,
      8.773632049560547,
      8.770303726196289,
      8.784031867980957,
      8.775360107421875,
      8.774880409240723,
      8.76972770690918,
      8.769920349121094,
      8.720479965209961,
      8.615679740905762,
      8.616415977478027,
      8.609312057495117,
      8.61184024810791,
      8.61184024810791,
      8.614463806152344
    ]
  },
  "test_latency_ms": {
    "avg": 7.339120006561279,
    "min": 7.294015884399414,
    "max": 7.5307841300964355,
    "all": [
      7.5307841300964355,
      7.350560188293457,
      7.295839786529541,
      7.298399925231934,
      7.294015884399414,
      7.295072078704834,
      7.296224117279053,
      7.295263767242432,
      7.297887802124023,
      7.3263678550720215,
      7.35100793838501,
      7.350272178649902,
      7.348576068878174,
      7.352352142333984,
      7.349823951721191,
      7.351840019226074,
      7.34819221496582,
      7.3481597900390625,
      7.352384090423584,
      7.349376201629639
    ]
  },
  "num_runs": 20,
  "model_init_args": [
    16,
    32,
    3,
    2,
    1,
    1,
    2,
    0.0,
    1.0
  ],
  "model_init_kwargs": {},
  "seed": 100,
  "align_stats": {
    "pair_aligner": 1,
    "copied_same_shape": 1,
    "mapped_shape": 0,
    "skipped": 0,
    "pair_key": "Model->ModelNew"
  },
  "runnable": true,
  "phase": "seed",
  "score": 1.1933500502772674
}