{
  "timestamp": "2025-08-28T16:55:52",
  "reference_file": "KernelBench/level3test2/39_GRU.py",
  "candidate_file": "/home/wan00559/pipleline/run/20250828_154552_batch_first10/39_GRU/code/kernel_20250828_165434.py",
  "tolerance": 0.001,
  "max_abs_err": 1.7881393432617188e-07,
  "mean_abs_err": 7.178539984664667e-09,
  "ref_latency_ms": {
    "avg": 1.5332208096981048,
    "min": 1.5316799879074097,
    "max": 1.5340800285339355,
    "all": [
      1.5339200496673584,
      1.5337920188903809,
      1.533951997756958,
      1.5340160131454468,
      1.5338560342788696,
      1.5340479612350464,
      1.5316799879074097,
      1.5319039821624756,
      1.5331840515136719,
      1.5321919918060303,
      1.5325119495391846,
      1.5327039957046509,
      1.5320320129394531,
      1.533951997756958,
      1.5339200496673584,
      1.5340800285339355,
      1.5324480533599854,
      1.5337920188903809,
      1.533951997756958,
      1.532480001449585
    ]
  },
  "test_latency_ms": {
    "avg": 314.1960205078125,
    "min": 309.6558837890625,
    "max": 331.0469055175781,
    "all": [
      314.41357421875,
      312.0744934082031,
      312.0328369140625,
      312.0596618652344,
      319.1746520996094,
      314.45013427734375,
      316.7827453613281,
      312.0550537109375,
      312.03765869140625,
      316.8171691894531,
      331.0469055175781,
      312.0630187988281,
      314.526123046875,
      316.79974365234375,
      309.6558837890625,
      309.7083740234375,
      312.0528564453125,
      309.6862487792969,
      314.419677734375,
      312.0635986328125
    ]
  },
  "num_runs": 20,
  "model_init_args": [
    64,
    128,
    6
  ],
  "model_init_kwargs": {},
  "seed": 100,
  "align_stats": {
    "copied_same_shape": 0,
    "unique_shape_copied": 1,
    "mapped_shape": 0,
    "skipped": 23,
    "pair_aligner": 0,
    "pair_key": "Model->ModelNew"
  },
  "runnable": true,
  "phase": "repair",
  "score": 0.004879822498133713
}