{
  "timestamp": "2025-08-28T16:36:53",
  "reference_file": "KernelBench/level3test2/37_LSTMCn.py",
  "candidate_file": "/home/wan00559/pipleline/run/20250828_154552_batch_first10/37_LSTMCn/code/kernel_20250828_163548.py",
  "tolerance": 0.001,
  "max_abs_err": 0.0,
  "mean_abs_err": 0.0,
  "ref_latency_ms": {
    "avg": 4.543196797370911,
    "min": 4.532415866851807,
    "max": 4.5564799308776855,
    "all": [
      4.534656047821045,
      4.54969596862793,
      4.544064044952393,
      4.532415866851807,
      4.541632175445557,
      4.542143821716309,
      4.5564799308776855,
      4.533760070800781,
      4.544352054595947,
      4.551360130310059,
      4.5458879470825195,
      4.545663833618164,
      4.552351951599121,
      4.544608116149902,
      4.532512187957764,
      4.548160076141357,
      4.542175769805908,
      4.544511795043945,
      4.538368225097656,
      4.539135932922363
    ]
  },
  "test_latency_ms": {
    "avg": 4.520572829246521,
    "min": 4.47814416885376,
    "max": 4.542463779449463,
    "all": [
      4.532671928405762,
      4.47814416885376,
      4.516608238220215,
      4.522816181182861,
      4.5280961990356445,
      4.532512187957764,
      4.520671844482422,
      4.526080131530762,
      4.521984100341797,
      4.533631801605225,
      4.522240161895752,
      4.478559970855713,
      4.538368225097656,
      4.5300798416137695,
      4.542463779449463,
      4.530303955078125,
      4.52566385269165,
      4.529600143432617,
      4.521984100341797,
      4.478975772857666
    ]
  },
  "num_runs": 20,
  "model_init_args": [
    64,
    128,
    6,
    10,
    0.0
  ],
  "model_init_kwargs": {},
  "seed": 100,
  "align_stats": {
    "copied_same_shape": 24,
    "unique_shape_copied": 2,
    "mapped_shape": 0,
    "skipped": 0,
    "pair_aligner": 0,
    "pair_key": "Model->ModelNew"
  },
  "runnable": true,
  "phase": "seed",
  "score": 1.0050046684300762
}