{
  "timestamp": "2025-08-29T10:06:56",
  "reference_file": "KernelBench/level2test3/11_ConvTranspose2d_BatchNorm_Tanh_MaxPool_GroupNorm.py",
  "candidate_file": "/home/wan00559/pipleline/run/20250829_100333_batch_first10/11_ConvTranspose2d_BatchNorm_Tanh_MaxPool_GroupNorm/code/kernel_20250829_100545.py",
  "tolerance": 0.001,
  "max_abs_err": 0.0,
  "mean_abs_err": 0.0,
  "ref_latency_ms": {
    "avg": 3.995307195186615,
    "min": 3.9893760681152344,
    "max": 4.009471893310547,
    "all": [
      4.009471893310547,
      3.9971840381622314,
      4.002880096435547,
      4.0015997886657715,
      3.995903968811035,
      3.995680093765259,
      3.9938559532165527,
      3.994368076324463,
      3.9935998916625977,
      3.9914560317993164,
      3.9934399127960205,
      3.9935998916625977,
      3.9916799068450928,
      3.9915521144866943,
      3.997119903564453,
      3.9942080974578857,
      3.993567943572998,
      3.9940481185913086,
      3.9893760681152344,
      3.9915521144866943
    ]
  },
  "test_latency_ms": {
    "avg": 3.7008800148963927,
    "min": 3.6966400146484375,
    "max": 3.7150719165802,
    "all": [
      3.7150719165802,
      3.7058560848236084,
      3.704224109649658,
      3.7050559520721436,
      3.699104070663452,
      3.700160026550293,
      3.69868803024292,
      3.6991679668426514,
      3.700223922729492,
      3.69868803024292,
      3.7013120651245117,
      3.697824001312256,
      3.6968960762023926,
      3.6966400146484375,
      3.6985280513763428,
      3.700416088104248,
      3.6968319416046143,
      3.69868803024292,
      3.6981120109558105,
      3.7061119079589844
    ]
  },
  "num_runs": 20,
  "model_init_args": [
    32,
    64,
    5,
    1,
    1,
    8,
    8
  ],
  "model_init_kwargs": {},
  "seed": 100,
  "align_stats": {
    "pair_aligner": 1,
    "copied_same_shape": 1,
    "mapped_shape": 0,
    "skipped": 0,
    "pair_key": "Model->ModelNew"
  },
  "runnable": true,
  "phase": "seed",
  "score": 1.0795559918465676
}