{
  "timestamp": "2025-08-15T18:04:43",
  "reference_file": "KernelBench/test/15_Matmul_for_lower_triangular_matrices.py",
  "candidate_file": "/home/wan00559/baseline/run/20250815_165252_15_Matmul_for_lower_triangular_matrices/code/kernel_20250815_180342.py",
  "tolerance": 0.001,
  "max_abs_err": 0.000152587890625,
  "mean_abs_err": 3.0504770620609634e-06,
  "ref_latency_ms": {
    "avg": 0.07607359997928143,
    "min": 0.07407999783754349,
    "max": 0.08857599645853043,
    "all": [
      0.07964800298213959,
      0.07974400371313095,
      0.07606399804353714,
      0.07542400062084198,
      0.07443200051784515,
      0.07945600152015686,
      0.07587199658155441,
      0.07449600100517273,
      0.07420799881219864,
      0.07417599856853485,
      0.07407999783754349,
      0.07440000027418137,
      0.07440000027418137,
      0.07452800124883652,
      0.07417599856853485,
      0.08857599645853043,
      0.0745600014925003,
      0.07452800124883652,
      0.07440000027418137,
      0.07430399954319
    ]
  },
  "test_latency_ms": {
    "avg": 0.2576224014163017,
    "min": 0.2539519965648651,
    "max": 0.2693760097026825,
    "all": [
      0.26710399985313416,
      0.26214399933815,
      0.25891199707984924,
      0.2539519965648651,
      0.25600001215934753,
      0.25763198733329773,
      0.25731199979782104,
      0.2550399899482727,
      0.2539519965648651,
      0.2693760097026825,
      0.2548159956932068,
      0.25600001215934753,
      0.2560960054397583,
      0.2542079985141754,
      0.2556160092353821,
      0.2549760043621063,
      0.25574401021003723,
      0.25600001215934753,
      0.2547839879989624,
      0.2627840042114258
    ]
  },
  "num_runs": 20,
  "model_init_args": [],
  "model_init_kwargs": {},
  "runnable": true,
  "phase": "seed",
  "score": 0.29529109099620277
}