{
  "timestamp": "2025-08-15T17:17:08",
  "reference_file": "KernelBench/test/15_Matmul_for_lower_triangular_matrices.py",
  "candidate_file": "/home/wan00559/baseline/run/20250815_165252_15_Matmul_for_lower_triangular_matrices/code/kernel_20250815_171605.py",
  "tolerance": 0.001,
  "max_abs_err": 0.00012969970703125,
  "mean_abs_err": 3.0518001494783675e-06,
  "ref_latency_ms": {
    "avg": 0.08033599928021432,
    "min": 0.07875200361013412,
    "max": 0.08528000116348267,
    "all": [
      0.08528000116348267,
      0.08207999914884567,
      0.08191999793052673,
      0.07996799796819687,
      0.08006399869918823,
      0.07999999821186066,
      0.08073599636554718,
      0.0798719972372055,
      0.07964800298213959,
      0.07875200361013412,
      0.0798719972372055,
      0.07948800176382065,
      0.0798719972372055,
      0.07878399640321732,
      0.07971200346946716,
      0.0798719972372055,
      0.0801599994301796,
      0.07958400249481201,
      0.08118399977684021,
      0.0798719972372055
    ]
  },
  "test_latency_ms": {
    "avg": 0.22341279983520507,
    "min": 0.21379199624061584,
    "max": 0.2396160066127777,
    "all": [
      0.2396160066127777,
      0.2335679978132248,
      0.23238399624824524,
      0.23350399732589722,
      0.23056000471115112,
      0.2309119999408722,
      0.2314240038394928,
      0.23158399760723114,
      0.23503999412059784,
      0.21500800549983978,
      0.2147199958562851,
      0.21526400744915009,
      0.21503999829292297,
      0.21484799683094025,
      0.21503999829292297,
      0.2163199931383133,
      0.21379199624061584,
      0.21513600647449493,
      0.21769599616527557,
      0.2168000042438507
    ]
  },
  "num_runs": 20,
  "model_init_args": [],
  "model_init_kwargs": {},
  "runnable": true,
  "phase": "seed",
  "score": 0.3595854818500649
}