{
  "timestamp": "2025-08-28T16:04:11",
  "reference_file": "KernelBench/level3test3/44_MiniGPTBlock.py",
  "candidate_file": "/home/wan00559/pipleline/run/20250828_154631_batch_first10/44_MiniGPTBlock/code/kernel_20250828_160303.py",
  "tolerance": 0.001,
  "max_abs_err": 1.2516975402832031e-06,
  "mean_abs_err": 9.977051007581395e-08,
  "ref_latency_ms": {
    "avg": 28.638299083709718,
    "min": 28.479520797729492,
    "max": 28.837888717651367,
    "all": [
      28.7457275390625,
      28.784767150878906,
      28.65567970275879,
      28.588991165161133,
      28.577760696411133,
      28.479520797729492,
      28.717695236206055,
      28.52739143371582,
      28.59008026123047,
      28.58812713623047,
      28.612192153930664,
      28.74367904663086,
      28.558591842651367,
      28.614816665649414,
      28.59436798095703,
      28.61020851135254,
      28.674047470092773,
      28.671903610229492,
      28.837888717651367,
      28.592544555664062
    ]
  },
  "test_latency_ms": {
    "avg": 23.035123443603517,
    "min": 22.89254379272461,
    "max": 23.19500732421875,
    "all": [
      23.17731285095215,
      23.16979217529297,
      23.17148780822754,
      23.170400619506836,
      22.921632766723633,
      22.911327362060547,
      22.89254379272461,
      22.90483283996582,
      23.013376235961914,
      23.16419219970703,
      23.15260887145996,
      22.902687072753906,
      22.933696746826172,
      22.89459228515625,
      22.894624710083008,
      23.024288177490234,
      23.158784866333008,
      23.19500732421875,
      23.152639389038086,
      22.89664077758789
    ]
  },
  "num_runs": 20,
  "model_init_args": [
    768,
    8,
    0.0,
    0.0,
    512
  ],
  "model_init_kwargs": {},
  "seed": 100,
  "align_stats": {
    "copied_same_shape": 4,
    "unique_shape_copied": 6,
    "mapped_shape": 0,
    "skipped": 2,
    "pair_aligner": 0,
    "pair_key": "Model->ModelNew"
  },
  "runnable": true,
  "phase": "repair",
  "score": 1.2432448714166588
}