{
  "timestamp": "2025-08-28T16:58:51",
  "reference_file": "KernelBench/level3test/4_LeNet5.py",
  "candidate_file": "/home/wan00559/pipleline/run/20250828_154447_batch_first13/4_LeNet5/code/kernel_20250828_165746.py",
  "tolerance": 0.001,
  "max_abs_err": 0.0,
  "mean_abs_err": 0.0,
  "ref_latency_ms": {
    "avg": 1.4202111899852752,
    "min": 1.4172159433364868,
    "max": 1.4274879693984985,
    "all": [
      1.4274879693984985,
      1.4213119745254517,
      1.421280026435852,
      1.4192639589309692,
      1.4208639860153198,
      1.4192639589309692,
      1.4215680360794067,
      1.4192639589309692,
      1.419711947441101,
      1.4192639589309692,
      1.4203840494155884,
      1.4192639589309692,
      1.4207680225372314,
      1.418944001197815,
      1.4208320379257202,
      1.4192639589309692,
      1.4196799993515015,
      1.4172159433364868,
      1.4190720319747925,
      1.4195200204849243
    ]
  },
  "test_latency_ms": {
    "avg": 1.2103872120380401,
    "min": 1.207584023475647,
    "max": 1.2168960571289062,
    "all": [
      1.216096043586731,
      1.2140159606933594,
      1.2108800411224365,
      1.2099519968032837,
      1.2168960571289062,
      1.2098239660263062,
      1.210271954536438,
      1.2083200216293335,
      1.2080639600753784,
      1.210368037223816,
      1.210368037223816,
      1.210368037223816,
      1.2100800275802612,
      1.208672046661377,
      1.2094719409942627,
      1.209663987159729,
      1.208672046661377,
      1.207584023475647,
      1.2098560333251953,
      1.2083200216293335
    ]
  },
  "num_runs": 20,
  "model_init_args": [
    10
  ],
  "model_init_kwargs": {},
  "seed": 100,
  "align_stats": {
    "copied_same_shape": 10,
    "unique_shape_copied": 0,
    "mapped_shape": 0,
    "skipped": 0,
    "pair_aligner": 0,
    "pair_key": "Model->ModelNew"
  },
  "runnable": true,
  "phase": "repair",
  "score": 1.1733527716258132
}