{
  "timestamp": "2025-08-27T14:24:23",
  "reference_file": "KernelBench/level2test4/34_ConvTranspose3d_LayerNorm_GELU_Scaling.py",
  "candidate_file": "/home/wan00559/pipleline/run/20250827_141012_batch_first10/34_ConvTranspose3d_LayerNorm_GELU_Scaling/code/kernel_20250827_142312.py",
  "tolerance": 0.001,
  "max_abs_err": 0.0004742145538330078,
  "mean_abs_err": 9.420132846571505e-05,
  "ref_latency_ms": {
    "avg": 20.57190074920654,
    "min": 19.84102439880371,
    "max": 25.38915252685547,
    "all": [
      25.38915252685547,
      24.615488052368164,
      20.38547134399414,
      19.998720169067383,
      19.988479614257812,
      19.998720169067383,
      19.992576599121094,
      19.933183670043945,
      19.84102439880371,
      20.02249526977539,
      20.187488555908203,
      20.187135696411133,
      20.18886375427246,
      20.07708740234375,
      19.98700714111328,
      19.990400314331055,
      20.089248657226562,
      20.192895889282227,
      20.18134307861328,
      20.191232681274414
    ]
  },
  "test_latency_ms": {
    "avg": 19.7216383934021,
    "min": 19.46828842163086,
    "max": 19.898591995239258,
    "all": [
      19.58847999572754,
      19.689983367919922,
      19.738399505615234,
      19.72867202758789,
      19.719615936279297,
      19.733919143676758,
      19.548160552978516,
      19.480031967163086,
      19.896127700805664,
      19.88982391357422,
      19.898591995239258,
      19.894304275512695,
      19.733919143676758,
      19.734464645385742,
      19.716096878051758,
      19.72809600830078,
      19.722400665283203,
      19.46828842163086,
      19.765056610107422,
      19.75833511352539
    ]
  },
  "num_runs": 20,
  "model_init_args": [
    16,
    32,
    4,
    2,
    1,
    true,
    1e-05,
    1.0
  ],
  "model_init_kwargs": {},
  "seed": 100,
  "align_stats": {
    "pair_aligner": 1,
    "copied_same_shape": 1,
    "mapped_shape": 0,
    "skipped": 0,
    "pair_key": "Model->ModelNew"
  },
  "runnable": true,
  "phase": "repair",
  "score": 1.0431131703585488
}