{
  "timestamp": "2025-08-22T18:40:45",
  "reference_file": "KernelBench/level2/38_ConvTranspose3d_AvgPool_Clamp_Softmax_Multiply.py",
  "candidate_file": "/home/wan00559/baseline/run/20250822_170708_batch_first100/38_ConvTranspose3d_AvgPool_Clamp_Softmax_Multiply/code/kernel_20250822_183942.py",
  "tolerance": 0.001,
  "max_abs_err": 4.152286692260532e-06,
  "mean_abs_err": 3.0839356668366236e-07,
  "ref_latency_ms": {
    "avg": 42.66106739044189,
    "min": 42.48438262939453,
    "max": 42.82368087768555,
    "all": [
      42.79296112060547,
      42.52595138549805,
      42.77065658569336,
      42.81590270996094,
      42.72537612915039,
      42.71481704711914,
      42.65055847167969,
      42.664737701416016,
      42.52288055419922,
      42.51968002319336,
      42.54499053955078,
      42.639041900634766,
      42.7459831237793,
      42.75609588623047,
      42.82368087768555,
      42.79091262817383,
      42.631168365478516,
      42.48438262939453,
      42.50022506713867,
      42.60134506225586
    ]
  },
  "test_latency_ms": {
    "avg": 40.371939468383786,
    "min": 40.210975646972656,
    "max": 40.424320220947266,
    "all": [
      40.26393508911133,
      40.214656829833984,
      40.210975646972656,
      40.38451385498047,
      40.38796615600586,
      40.38838577270508,
      40.363807678222656,
      40.373023986816406,
      40.407169342041016,
      40.386016845703125,
      40.35935974121094,
      40.424320220947266,
      40.4060173034668,
      40.39984130859375,
      40.403968811035156,
      40.41471862792969,
      40.41727828979492,
      40.397823333740234,
      40.413185119628906,
      40.42182540893555
    ]
  },
  "num_runs": 20,
  "model_init_args": [
    32,
    64,
    3,
    2,
    1,
    1,
    2,
    0.0,
    1.0
  ],
  "model_init_kwargs": {},
  "runnable": true,
  "phase": "seed",
  "score": 1.0567009648830663
}