{
  "timestamp": "2025-08-22T15:59:38",
  "reference_file": "KernelBench/test2/9_Matmul_Subtract_Multiply_ReLU.py",
  "candidate_file": "/home/wan00559/baseline/run/20250822_140850_batch_first5/9_Matmul_Subtract_Multiply_ReLU/code/kernel_20250822_155820.py",
  "tolerance": 0.001,
  "max_abs_err": 0.0,
  "mean_abs_err": 0.0,
  "ref_latency_ms": {
    "avg": 12.822619199752808,
    "min": 12.63212776184082,
    "max": 12.999584197998047,
    "all": [
      12.779520034790039,
      12.779135704040527,
      12.86143970489502,
      12.890687942504883,
      12.999584197998047,
      12.866368293762207,
      12.79967975616455,
      12.887840270996094,
      12.90998363494873,
      12.890144348144531,
      12.799936294555664,
      12.888192176818848,
      12.87183952331543,
      12.836832046508789,
      12.777471542358398,
      12.869536399841309,
      12.820480346679688,
      12.647808074951172,
      12.63212776184082,
      12.643775939941406
    ]
  },
  "test_latency_ms": {
    "avg": 560.5470458984375,
    "min": 556.6119384765625,
    "max": 564.519775390625,
    "all": [
      556.6119384765625,
      558.8131713867188,
      560.0828857421875,
      560.00439453125,
      560.1316528320312,
      560.373779296875,
      560.0348510742188,
      559.989501953125,
      559.9888305664062,
      560.0055541992188,
      559.981689453125,
      560.316650390625,
      560.025634765625,
      560.120361328125,
      560.1722412109375,
      560.8857421875,
      560.1689453125,
      564.2247924804688,
      564.488525390625,
      564.519775390625
    ]
  },
  "num_runs": 20,
  "model_init_args": [
    8192,
    8192,
    2.0,
    1.5
  ],
  "model_init_kwargs": {},
  "runnable": true,
  "phase": "repair",
  "score": 0.022875188253290817
}