{
  "timestamp": "2025-08-22T16:10:01",
  "reference_file": "KernelBench/test2/9_Matmul_Subtract_Multiply_ReLU.py",
  "candidate_file": "/home/wan00559/baseline/run/20250822_140850_batch_first5/9_Matmul_Subtract_Multiply_ReLU/code/kernel_20250822_160844.py",
  "tolerance": 0.001,
  "max_abs_err": 0.0,
  "mean_abs_err": 0.0,
  "ref_latency_ms": {
    "avg": 12.852713489532471,
    "min": 12.762656211853027,
    "max": 12.963839530944824,
    "all": [
      12.78831958770752,
      12.887007713317871,
      12.872575759887695,
      12.950176239013672,
      12.8090238571167,
      12.846336364746094,
      12.762656211853027,
      12.791808128356934,
      12.827743530273438,
      12.825695991516113,
      12.804096221923828,
      12.893471717834473,
      12.861696243286133,
      12.916607856750488,
      12.840959548950195,
      12.899935722351074,
      12.900351524353027,
      12.82425594329834,
      12.963839530944824,
      12.787712097167969
    ]
  },
  "test_latency_ms": {
    "avg": 301.0469909667969,
    "min": 299.87066650390625,
    "max": 302.1271057128906,
    "all": [
      300.9262390136719,
      300.09405517578125,
      299.87066650390625,
      302.0615539550781,
      300.8338317871094,
      301.1665954589844,
      301.6687927246094,
      302.1271057128906,
      301.3424072265625,
      300.2335510253906,
      302.02880859375,
      301.66845703125,
      299.96478271484375,
      301.50445556640625,
      301.45538330078125,
      301.77691650390625,
      300.28167724609375,
      300.2126770019531,
      300.4912109375,
      301.23065185546875
    ]
  },
  "num_runs": 20,
  "model_init_args": [
    8192,
    8192,
    2.0,
    1.5
  ],
  "model_init_kwargs": {},
  "runnable": true,
  "phase": "repair",
  "score": 0.04269337968885403
}