{
  "timestamp": "2025-08-22T16:01:36",
  "reference_file": "KernelBench/test2/9_Matmul_Subtract_Multiply_ReLU.py",
  "candidate_file": "/home/wan00559/baseline/run/20250822_140850_batch_first5/9_Matmul_Subtract_Multiply_ReLU/code/kernel_20250822_160018.py",
  "tolerance": 0.001,
  "max_abs_err": 0.0,
  "mean_abs_err": 0.0,
  "ref_latency_ms": {
    "avg": 12.855412817001342,
    "min": 12.670975685119629,
    "max": 12.940383911132812,
    "all": [
      12.670975685119629,
      12.895071983337402,
      12.86620807647705,
      12.789312362670898,
      12.867936134338379,
      12.906496047973633,
      12.881152153015137,
      12.87168025970459,
      12.857695579528809,
      12.848159790039062,
      12.928000450134277,
      12.87395191192627,
      12.922880172729492,
      12.80838394165039,
      12.797951698303223,
      12.892160415649414,
      12.843008041381836,
      12.940383911132812,
      12.786751747131348,
      12.860095977783203
    ]
  },
  "test_latency_ms": {
    "avg": 449.96366119384766,
    "min": 441.0404357910156,
    "max": 456.7126770019531,
    "all": [
      448.1380615234375,
      445.76751708984375,
      448.8355712890625,
      441.0404357910156,
      446.946044921875,
      449.9891052246094,
      448.9252624511719,
      450.03253173828125,
      444.6125183105469,
      449.6350402832031,
      454.6194763183594,
      445.4570617675781,
      453.5414123535156,
      447.8920593261719,
      456.2887268066406,
      447.3873596191406,
      455.9255065917969,
      456.7126770019531,
      453.0939025878906,
      454.4329528808594
    ]
  },
  "num_runs": 20,
  "model_init_args": [
    8192,
    8192,
    2.0,
    1.5
  ],
  "model_init_kwargs": {},
  "runnable": true,
  "phase": "opt",
  "score": 0.028569891139416114
}