{
  "timestamp": "2025-08-22T16:06:30",
  "reference_file": "KernelBench/test2/9_Matmul_Subtract_Multiply_ReLU.py",
  "candidate_file": "/home/wan00559/baseline/run/20250822_140850_batch_first5/9_Matmul_Subtract_Multiply_ReLU/code/kernel_20250822_160528.py",
  "tolerance": 0.001,
  "max_abs_err": 0.0,
  "mean_abs_err": 0.0,
  "ref_latency_ms": {
    "avg": 13.01703519821167,
    "min": 12.797951698303223,
    "max": 13.415136337280273,
    "all": [
      13.415136337280273,
      13.37606430053711,
      13.286272048950195,
      13.103072166442871,
      13.211647987365723,
      12.863615989685059,
      12.893535614013672,
      12.86070442199707,
      12.873567581176758,
      12.896256446838379,
      13.012063980102539,
      12.960927963256836,
      12.937248229980469,
      12.797951698303223,
      12.946944236755371,
      12.905119895935059,
      13.002335548400879,
      13.059743881225586,
      13.023776054382324,
      12.914719581604004
    ]
  },
  "test_latency_ms": {
    "avg": 10.938456058502197,
    "min": 10.854656219482422,
    "max": 11.047871589660645,
    "all": [
      11.047871589660645,
      10.99129581451416,
      10.987104415893555,
      10.961248397827148,
      10.944352149963379,
      10.945759773254395,
      10.944319725036621,
      10.919936180114746,
      10.864640235900879,
      10.855456352233887,
      10.854656219482422,
      10.924032211303711,
      10.943455696105957,
      10.947039604187012,
      10.9486083984375,
      10.957792282104492,
      10.950655937194824,
      10.957119941711426,
      10.930784225463867,
      10.89299201965332
    ]
  },
  "num_runs": 20,
  "model_init_args": [
    8192,
    8192,
    2.0,
    1.5
  ],
  "model_init_kwargs": {},
  "runnable": true,
  "phase": "repair",
  "score": 1.1900249110653822
}