{
  "timestamp": "2025-08-14T19:06:14",
  "reference_file": "KernelBench/level1/100_HingeLoss.py",
  "candidate_file": "/home/wan00559/baseline/run/20250814_180428_100_HingeLoss/code/kernel_20250814_190508.py",
  "tolerance": 0.001,
  "max_abs_err": 6.490945816040039e-05,
  "mean_abs_err": 6.490945816040039e-05,
  "ref_latency_ms": {
    "avg": 0.8506720036268234,
    "min": 0.8466240167617798,
    "max": 0.8540800213813782,
    "all": [
      0.8535680174827576,
      0.8540800213813782,
      0.8527359962463379,
      0.851967990398407,
      0.8510079979896545,
      0.852895975112915,
      0.8491520285606384,
      0.8518720269203186,
      0.8466240167617798,
      0.8499199748039246,
      0.8478720188140869,
      0.8494399785995483,
      0.8516479730606079,
      0.8517439961433411,
      0.8480960130691528,
      0.8503680229187012,
      0.849951982498169,
      0.849888026714325,
      0.8515200018882751,
      0.8490880131721497
    ]
  },
  "test_latency_ms": {
    "avg": 0.7283728063106537,
    "min": 0.7228479981422424,
    "max": 0.7475200295448303,
    "all": [
      0.7475200295448303,
      0.7315199971199036,
      0.7253760099411011,
      0.7270399928092957,
      0.7249919772148132,
      0.7268800139427185,
      0.7228479981422424,
      0.7231040000915527,
      0.7311360239982605,
      0.7276480197906494,
      0.731328010559082,
      0.7250239849090576,
      0.736191987991333,
      0.7290880084037781,
      0.733024001121521,
      0.7296000123023987,
      0.7246080040931702,
      0.7231680154800415,
      0.7229440212249756,
      0.7244160175323486
    ]
  },
  "num_runs": 20,
  "runnable": true,
  "phase": "seed",
  "score": 1.1679074180921694
}