{
  "timestamp": "2025-08-14T18:31:56",
  "reference_file": "KernelBench/level1/100_HingeLoss.py",
  "candidate_file": "/home/wan00559/baseline/run/20250814_180428_100_HingeLoss/code/kernel_20250814_183047.py",
  "tolerance": 0.001,
  "max_abs_err": 9.238719940185547e-05,
  "mean_abs_err": 9.238719940185547e-05,
  "ref_latency_ms": {
    "avg": 0.851859200000763,
    "min": 0.8478720188140869,
    "max": 0.8620479702949524,
    "all": [
      0.8581119775772095,
      0.8512319922447205,
      0.8535360097885132,
      0.8511040210723877,
      0.8487039804458618,
      0.8538240194320679,
      0.8513919711112976,
      0.8513280153274536,
      0.8620479702949524,
      0.8518400192260742,
      0.8516160249710083,
      0.851967990398407,
      0.8479359745979309,
      0.849120020866394,
      0.8512639999389648,
      0.8499199748039246,
      0.8518720269203186,
      0.8510079979896545,
      0.8478720188140869,
      0.8514879941940308
    ]
  },
  "test_latency_ms": {
    "avg": 0.5579840064048767,
    "min": 0.5511360168457031,
    "max": 0.5735359787940979,
    "all": [
      0.5683519840240479,
      0.5604479908943176,
      0.5591040253639221,
      0.5527359843254089,
      0.5576320290565491,
      0.5531200170516968,
      0.5584959983825684,
      0.5511360168457031,
      0.5623360276222229,
      0.5576320290565491,
      0.5533120036125183,
      0.5617280006408691,
      0.5546560287475586,
      0.5533760190010071,
      0.5735359787940979,
      0.5529599785804749,
      0.5593600273132324,
      0.5591040253639221,
      0.5571519732475281,
      0.5535039901733398
    ]
  },
  "num_runs": 20,
  "runnable": true,
  "phase": "seed",
  "score": 1.5266731487329561
}