{
  "timestamp": "2025-08-14T18:37:26",
  "reference_file": "KernelBench/level1/100_HingeLoss.py",
  "candidate_file": "/home/wan00559/baseline/run/20250814_180428_100_HingeLoss/code/kernel_20250814_183619.py",
  "tolerance": 0.001,
  "max_abs_err": 0.00019884109497070312,
  "mean_abs_err": 0.00019884109497070312,
  "ref_latency_ms": {
    "avg": 0.8515711963176728,
    "min": 0.8471360206604004,
    "max": 0.8661440014839172,
    "all": [
      0.8661440014839172,
      0.8523200154304504,
      0.8497599959373474,
      0.8592640161514282,
      0.8500480055809021,
      0.8510079979896545,
      0.8519039750099182,
      0.8497599959373474,
      0.8502399921417236,
      0.8482879996299744,
      0.8519359827041626,
      0.8530880212783813,
      0.8478720188140869,
      0.8499199748039246,
      0.8471360206604004,
      0.8499199748039246,
      0.8519039750099182,
      0.8499199748039246,
      0.8490239977836609,
      0.851967990398407
    ]
  },
  "test_latency_ms": {
    "avg": 0.7430400043725968,
    "min": 0.7347519993782043,
    "max": 0.7536640167236328,
    "all": [
      0.7483839988708496,
      0.74726402759552,
      0.7413759827613831,
      0.7422080039978027,
      0.7420160174369812,
      0.743071973323822,
      0.7391999959945679,
      0.7393280267715454,
      0.7520959973335266,
      0.7429119944572449,
      0.7393919825553894,
      0.7417920231819153,
      0.7413120269775391,
      0.7370880246162415,
      0.7394559979438782,
      0.7402240037918091,
      0.7347519993782043,
      0.7520959973335266,
      0.7431679964065552,
      0.7536640167236328
    ]
  },
  "num_runs": 20,
  "runnable": true,
  "phase": "seed",
  "score": 1.146063726456716
}