{
  "timestamp": "2025-08-14T18:15:11",
  "reference_file": "KernelBench/level1/100_HingeLoss.py",
  "candidate_file": "/home/wan00559/baseline/run/20250814_180428_100_HingeLoss/code/kernel_20250814_181403.py",
  "tolerance": 0.001,
  "max_abs_err": 7.826089859008789e-05,
  "mean_abs_err": 7.826089859008789e-05,
  "ref_latency_ms": {
    "avg": 0.8517600029706955,
    "min": 0.8480640053749084,
    "max": 0.8610879778862,
    "all": [
      0.8610879778862,
      0.8560640215873718,
      0.850816011428833,
      0.8565760254859924,
      0.8522239923477173,
      0.8525760173797607,
      0.8488960266113281,
      0.8507840037345886,
      0.850271999835968,
      0.8499199748039246,
      0.8527039885520935,
      0.8560640215873718,
      0.8487679958343506,
      0.8490880131721497,
      0.851967990398407,
      0.8499199748039246,
      0.8495039939880371,
      0.8480640053749084,
      0.8508800268173218,
      0.8490239977836609
    ]
  },
  "test_latency_ms": {
    "avg": 0.4931984007358551,
    "min": 0.48742398619651794,
    "max": 0.506496012210846,
    "all": [
      0.506496012210846,
      0.4949760138988495,
      0.4915199875831604,
      0.49561598896980286,
      0.48742398619651794,
      0.48947200179100037,
      0.4915199875831604,
      0.4930559992790222,
      0.4917440116405487,
      0.4891520142555237,
      0.4887680113315582,
      0.49619200825691223,
      0.48902401328086853,
      0.4936319887638092,
      0.4928959906101227,
      0.5020480155944824,
      0.4941439926624298,
      0.4910080134868622,
      0.4891839921474457,
      0.4960959851741791
    ]
  },
  "num_runs": 20,
  "runnable": true,
  "phase": "seed",
  "score": 1.727012905353838
}