{
  "timestamp": "2025-08-14T19:26:55",
  "reference_file": "KernelBench/level1/100_HingeLoss.py",
  "candidate_file": "/home/wan00559/baseline/run/20250814_180428_100_HingeLoss/code/kernel_20250814_192548.py",
  "tolerance": 0.001,
  "max_abs_err": 7.855892181396484e-05,
  "mean_abs_err": 7.855892181396484e-05,
  "ref_latency_ms": {
    "avg": 0.8520080000162125,
    "min": 0.8479359745979309,
    "max": 0.8704000115394592,
    "all": [
      0.8704000115394592,
      0.851967990398407,
      0.8489599823951721,
      0.8560640215873718,
      0.8487679958343506,
      0.8486080169677734,
      0.849888026714325,
      0.8569279909133911,
      0.8479359745979309,
      0.849951982498169,
      0.849727988243103,
      0.850271999835968,
      0.8505920171737671,
      0.8480319976806641,
      0.8506240248680115,
      0.8501120209693909,
      0.8502399921417236,
      0.8578559756278992,
      0.8519999980926514,
      0.8512319922447205
    ]
  },
  "test_latency_ms": {
    "avg": 0.48769760578870774,
    "min": 0.4795199930667877,
    "max": 0.5038080215454102,
    "all": [
      0.5017600059509277,
      0.489439994096756,
      0.5018560290336609,
      0.4978240132331848,
      0.4853760004043579,
      0.4833280146121979,
      0.48127999901771545,
      0.5038080215454102,
      0.48131200671195984,
      0.4853760004043579,
      0.48073598742485046,
      0.48211199045181274,
      0.4833280146121979,
      0.4853760004043579,
      0.5017600059509277,
      0.4850560128688812,
      0.48131200671195984,
      0.4795199930667877,
      0.48131200671195984,
      0.48208001255989075
    ]
  },
  "num_runs": 20,
  "runnable": true,
  "phase": "seed",
  "score": 1.747000579669321
}