{
  "timestamp": "2025-08-14T18:48:10",
  "reference_file": "KernelBench/level1/100_HingeLoss.py",
  "candidate_file": "/home/wan00559/baseline/run/20250814_180428_100_HingeLoss/code/kernel_20250814_184703.py",
  "tolerance": 0.001,
  "max_abs_err": 6.437301635742188e-05,
  "mean_abs_err": 6.437301635742188e-05,
  "ref_latency_ms": {
    "avg": 0.8509375989437103,
    "min": 0.8463039994239807,
    "max": 0.8583359718322754,
    "all": [
      0.8583359718322754,
      0.8535680174827576,
      0.8508480191230774,
      0.8502399921417236,
      0.8508480191230774,
      0.8515520095825195,
      0.8514559864997864,
      0.850271999835968,
      0.8495039939880371,
      0.8517439961433411,
      0.8501120209693909,
      0.8530240058898926,
      0.8499839901924133,
      0.8504319787025452,
      0.8503360152244568,
      0.8506559729576111,
      0.8463039994239807,
      0.8493760228157043,
      0.851967990398407,
      0.8481919765472412
    ]
  },
  "test_latency_ms": {
    "avg": 0.8077711939811707,
    "min": 0.7999359965324402,
    "max": 0.8290560245513916,
    "all": [
      0.8290560245513916,
      0.8122559785842896,
      0.8028159737586975,
      0.8047999739646912,
      0.8086720108985901,
      0.8028159737586975,
      0.8061119914054871,
      0.8212479948997498,
      0.8108159899711609,
      0.8069120049476624,
      0.7999359965324402,
      0.806335985660553,
      0.807200014591217,
      0.8088319897651672,
      0.8041920065879822,
      0.8041279911994934,
      0.8077759742736816,
      0.8083199858665466,
      0.8029760122299194,
      0.8002240061759949
    ]
  },
  "num_runs": 20,
  "runnable": true,
  "phase": "seed",
  "score": 1.053438901119747
}