{
  "timestamp": "2025-08-15T11:57:28",
  "reference_file": "KernelBench/test/10_3D_tensor_matrix_multiplication.py",
  "candidate_file": "/home/wan00559/baseline/run/20250815_112724_10_3D_tensor_matrix_multiplication/code/kernel_20250815_115621.py",
  "tolerance": 0.001,
  "max_abs_err": 7.62939453125e-05,
  "mean_abs_err": 1.176140722236596e-05,
  "ref_latency_ms": {
    "avg": 0.12492320016026497,
    "min": 0.1223360002040863,
    "max": 0.1289920061826706,
    "all": [
      0.1287039965391159,
      0.1284160017967224,
      0.12361600250005722,
      0.12396799772977829,
      0.1228799968957901,
      0.12467200309038162,
      0.12319999933242798,
      0.12425599992275238,
      0.1228799968957901,
      0.1223360002040863,
      0.12291199713945389,
      0.12265600264072418,
      0.12521600723266602,
      0.12390399724245071,
      0.12415999919176102,
      0.12521600723266602,
      0.1289920061826706,
      0.12697599828243256,
      0.12697599828243256,
      0.12652799487113953
    ]
  },
  "test_latency_ms": {
    "avg": 10.27268319129944,
    "min": 8.081888198852539,
    "max": 10.84556770324707,
    "all": [
      10.84556770324707,
      10.838848114013672,
      10.790911674499512,
      10.82367992401123,
      10.630335807800293,
      10.601984024047852,
      10.59222412109375,
      10.58790397644043,
      10.60108757019043,
      10.598400115966797,
      10.595871925354004,
      10.599040031433105,
      10.599040031433105,
      10.60102367401123,
      10.593600273132324,
      10.602496147155762,
      10.536640167236328,
      8.169792175292969,
      8.163328170776367,
      8.081888198852539
    ]
  },
  "num_runs": 20,
  "model_init_args": [],
  "model_init_kwargs": {},
  "runnable": true,
  "phase": "seed",
  "score": 0.012160717685333665
}