{
  "timestamp": "2025-08-15T12:04:38",
  "reference_file": "KernelBench/test/10_3D_tensor_matrix_multiplication.py",
  "candidate_file": "/home/wan00559/baseline/run/20250815_112724_10_3D_tensor_matrix_multiplication/code/kernel_20250815_120330.py",
  "tolerance": 0.001,
  "max_abs_err": 8.392333984375e-05,
  "mean_abs_err": 1.145122769230511e-05,
  "ref_latency_ms": {
    "avg": 0.1434623993933201,
    "min": 0.14025600254535675,
    "max": 0.159743994474411,
    "all": [
      0.14822399616241455,
      0.1438400000333786,
      0.14336000382900238,
      0.1456959992647171,
      0.14336000382900238,
      0.1414719969034195,
      0.14131200313568115,
      0.14137600362300873,
      0.1416960060596466,
      0.14163200557231903,
      0.14207999408245087,
      0.14153599739074707,
      0.1420159935951233,
      0.14195199310779572,
      0.14025600254535675,
      0.14127999544143677,
      0.159743994474411,
      0.14246399700641632,
      0.14262400567531586,
      0.143327996134758
    ]
  },
  "test_latency_ms": {
    "avg": 9.892979192733765,
    "min": 8.035167694091797,
    "max": 11.00550365447998,
    "all": [
      10.803359985351562,
      11.00550365447998,
      10.886591911315918,
      10.801407814025879,
      10.735360145568848,
      10.588447570800781,
      10.593184471130371,
      10.590720176696777,
      10.590304374694824,
      10.596351623535156,
      10.589792251586914,
      10.592255592346191,
      10.590335845947266,
      10.096639633178711,
      8.293888092041016,
      8.234944343566895,
      8.087360382080078,
      8.111712455749512,
      8.035167694091797,
      8.036255836486816
    ]
  },
  "num_runs": 20,
  "model_init_args": [],
  "model_init_kwargs": {},
  "runnable": true,
  "phase": "seed",
  "score": 0.014501435472409658
}