{
  "timestamp": "2025-08-15T12:36:15",
  "reference_file": "KernelBench/test/10_3D_tensor_matrix_multiplication.py",
  "candidate_file": "/home/wan00559/baseline/run/20250815_112724_10_3D_tensor_matrix_multiplication/code/kernel_20250815_123507.py",
  "tolerance": 0.001,
  "max_abs_err": 0.0,
  "mean_abs_err": 0.0,
  "ref_latency_ms": {
    "avg": 0.1241551999002695,
    "min": 0.12105599790811539,
    "max": 0.1356160044670105,
    "all": [
      0.12902399897575378,
      0.12617599964141846,
      0.12451200187206268,
      0.12399999797344208,
      0.12374400347471237,
      0.12396799772977829,
      0.1228799968957901,
      0.12111999839544296,
      0.1228799968957901,
      0.1228799968957901,
      0.12156800180673599,
      0.12105599790811539,
      0.12492799758911133,
      0.1356160044670105,
      0.12329600006341934,
      0.12358400225639343,
      0.12265600264072418,
      0.1228799968957901,
      0.12265600264072418,
      0.1236800029873848
    ]
  },
  "test_latency_ms": {
    "avg": 9.141220903396606,
    "min": 8.042976379394531,
    "max": 10.804512023925781,
    "all": [
      10.804512023925781,
      10.799103736877441,
      10.798336029052734,
      10.721887588500977,
      10.59280014038086,
      10.594335556030273,
      10.683296203613281,
      10.681952476501465,
      8.583328247070312,
      8.045280456542969,
      8.052032470703125,
      8.047648429870605,
      8.046591758728027,
      8.042976379394531,
      8.051648139953613,
      8.062848091125488,
      8.049407958984375,
      8.046784400939941,
      8.060928344726562,
      8.058719635009766
    ]
  },
  "num_runs": 20,
  "model_init_args": [],
  "model_init_kwargs": {},
  "runnable": true,
  "phase": "seed",
  "score": 0.013581905657059128
}