{
  "timestamp": "2025-08-15T12:30:56",
  "reference_file": "KernelBench/test/10_3D_tensor_matrix_multiplication.py",
  "candidate_file": "/home/wan00559/baseline/run/20250815_112724_10_3D_tensor_matrix_multiplication/code/kernel_20250815_122950.py",
  "tolerance": 0.001,
  "max_abs_err": 0.0,
  "mean_abs_err": 0.0,
  "ref_latency_ms": {
    "avg": 0.12947359979152678,
    "min": 0.127360001206398,
    "max": 0.1371839940547943,
    "all": [
      0.13312000036239624,
      0.131071999669075,
      0.12835200130939484,
      0.12886400520801544,
      0.12883199751377106,
      0.127360001206398,
      0.1303039938211441,
      0.12940800189971924,
      0.1276800036430359,
      0.1284160017967224,
      0.12902399897575378,
      0.12748800218105316,
      0.12902399897575378,
      0.1371839940547943,
      0.12937599420547485,
      0.12902399897575378,
      0.12854400277137756,
      0.12880000472068787,
      0.12857599556446075,
      0.12902399897575378
    ]
  },
  "test_latency_ms": {
    "avg": 9.292395210266113,
    "min": 8.456831932067871,
    "max": 10.826656341552734,
    "all": [
      10.826656341552734,
      10.812159538269043,
      10.81328010559082,
      10.72332763671875,
      10.698752403259277,
      10.699104309082031,
      10.495455741882324,
      8.542976379394531,
      8.525728225708008,
      8.54422378540039,
      8.522591590881348,
      8.517760276794434,
      8.52511978149414,
      8.524767875671387,
      8.525407791137695,
      8.52131175994873,
      8.527872085571289,
      8.517760276794434,
      8.526816368103027,
      8.456831932067871
    ]
  },
  "num_runs": 20,
  "model_init_args": [],
  "model_init_kwargs": {},
  "runnable": true,
  "phase": "seed",
  "score": 0.013933285967915581
}