{
  "timestamp": "2025-08-15T11:48:54",
  "reference_file": "KernelBench/test/10_3D_tensor_matrix_multiplication.py",
  "candidate_file": "/home/wan00559/baseline/run/20250815_112724_10_3D_tensor_matrix_multiplication/code/kernel_20250815_114746.py",
  "tolerance": 0.001,
  "max_abs_err": 9.1552734375e-05,
  "mean_abs_err": 1.2372358469292521e-05,
  "ref_latency_ms": {
    "avg": 0.12577920071780682,
    "min": 0.1228799968957901,
    "max": 0.1387840062379837,
    "all": [
      0.1345279961824417,
      0.12707200646400452,
      0.1263359934091568,
      0.12348800152540207,
      0.12492799758911133,
      0.12489599734544754,
      0.1250240057706833,
      0.12297599762678146,
      0.12492799758911133,
      0.12438400089740753,
      0.12377600371837616,
      0.12432000041007996,
      0.1247360035777092,
      0.1260800063610077,
      0.12492799758911133,
      0.12352000176906586,
      0.1228799968957901,
      0.12454400211572647,
      0.12345600128173828,
      0.1387840062379837
    ]
  },
  "test_latency_ms": {
    "avg": 9.791215991973877,
    "min": 7.999584197998047,
    "max": 10.84006404876709,
    "all": [
      10.84006404876709,
      10.820256233215332,
      10.835871696472168,
      10.787327766418457,
      10.606623649597168,
      10.606656074523926,
      10.603167533874512,
      10.598719596862793,
      10.60086441040039,
      10.598112106323242,
      10.605567932128906,
      10.60643196105957,
      10.595232009887695,
      8.981311798095703,
      8.062496185302734,
      8.015392303466797,
      8.02182388305664,
      7.999584197998047,
      8.020000457763672,
      8.018815994262695
    ]
  },
  "num_runs": 20,
  "model_init_args": [],
  "model_init_kwargs": {},
  "runnable": true,
  "phase": "seed",
  "score": 0.01284612665279894
}