{
  "timestamp": "2025-08-15T11:40:23",
  "reference_file": "KernelBench/test/10_3D_tensor_matrix_multiplication.py",
  "candidate_file": "/home/wan00559/baseline/run/20250815_112724_10_3D_tensor_matrix_multiplication/code/kernel_20250815_113915.py",
  "tolerance": 0.001,
  "max_abs_err": 0.0,
  "mean_abs_err": 0.0,
  "ref_latency_ms": {
    "avg": 0.1246032003313303,
    "min": 0.1228799968957901,
    "max": 0.13516800105571747,
    "all": [
      0.13516800105571747,
      0.1271360069513321,
      0.12572799623012543,
      0.12438400089740753,
      0.12358400225639343,
      0.12422399967908859,
      0.12464000284671783,
      0.12515200674533844,
      0.1233920007944107,
      0.12300799787044525,
      0.12454400211572647,
      0.1241919994354248,
      0.1228799968957901,
      0.12300799787044525,
      0.12332800030708313,
      0.12380799651145935,
      0.12332800030708313,
      0.12358400225639343,
      0.1228799968957901,
      0.12409599870443344
    ]
  },
  "test_latency_ms": {
    "avg": 8.781355166435242,
    "min": 7.979936122894287,
    "max": 10.747967720031738,
    "all": [
      10.747967720031738,
      10.567680358886719,
      10.561440467834473,
      10.56287956237793,
      10.55907154083252,
      10.55951976776123,
      8.06719970703125,
      8.085760116577148,
      8.036831855773926,
      7.984928131103516,
      7.987199783325195,
      8.013343811035156,
      8.003583908081055,
      7.987391948699951,
      7.983104228973389,
      7.979936122894287,
      7.981056213378906,
      7.982336044311523,
      7.990272045135498,
      7.985599994659424
    ]
  },
  "num_runs": 20,
  "model_init_args": [],
  "model_init_kwargs": {},
  "runnable": true,
  "phase": "seed",
  "score": 0.014189518356756374
}