{
  "timestamp": "2025-08-28T16:01:26",
  "reference_file": "KernelBench/level3test1/17_SqueezeNetFireModule.py",
  "candidate_file": "/home/wan00559/pipleline/run/20250828_154521_batch_first17/17_SqueezeNetFireModule/code/kernel_20250828_160017.py",
  "tolerance": 0.001,
  "max_abs_err": 2.384185791015625e-07,
  "mean_abs_err": 6.470111557632663e-09,
  "ref_latency_ms": {
    "avg": 2.0457632064819338,
    "min": 2.0397119522094727,
    "max": 2.0752639770507812,
    "all": [
      2.0752639770507812,
      2.046976089477539,
      2.0480000972747803,
      2.044480085372925,
      2.0439040660858154,
      2.043936014175415,
      2.043872117996216,
      2.044287919998169,
      2.0421760082244873,
      2.0397119522094727,
      2.047231912612915,
      2.0441598892211914,
      2.0478079319000244,
      2.041856050491333,
      2.044480085372925,
      2.0439040660858154,
      2.0440640449523926,
      2.0423998832702637,
      2.04367995262146,
      2.043071985244751
    ]
  },
  "test_latency_ms": {
    "avg": 2.1915120005607607,
    "min": 2.1854400634765625,
    "max": 2.1999359130859375,
    "all": [
      2.1999359130859375,
      2.1899518966674805,
      2.1920320987701416,
      2.1934080123901367,
      2.1924479007720947,
      2.1952319145202637,
      2.189631938934326,
      2.1872639656066895,
      2.190016031265259,
      2.1937921047210693,
      2.1854400634765625,
      2.190272092819214,
      2.190943956375122,
      2.1875200271606445,
      2.189728021621704,
      2.195456027984619,
      2.1872639656066895,
      2.1935040950775146,
      2.1912319660186768,
      2.1951680183410645
    ]
  },
  "num_runs": 20,
  "model_init_args": [
    3,
    6,
    32,
    32
  ],
  "model_init_kwargs": {},
  "seed": 100,
  "align_stats": {
    "copied_same_shape": 6,
    "unique_shape_copied": 0,
    "mapped_shape": 0,
    "skipped": 0,
    "pair_aligner": 0,
    "pair_key": "Model->ModelNew"
  },
  "runnable": true,
  "phase": "repair",
  "score": 0.9334939557522236
}