{
  "timestamp": "2025-08-28T16:38:54",
  "reference_file": "KernelBench/level3test2/38_LSTMBidirectional.py",
  "candidate_file": "/home/wan00559/pipleline/run/20250828_154552_batch_first10/38_LSTMBidirectional/code/kernel_20250828_163743.py",
  "tolerance": 0.001,
  "max_abs_err": 4.470348358154297e-08,
  "mean_abs_err": 1.2211966549102726e-08,
  "ref_latency_ms": {
    "avg": 9.136084699630738,
    "min": 9.113375663757324,
    "max": 9.15078353881836,
    "all": [
      9.144607543945312,
      9.145855903625488,
      9.14192008972168,
      9.144351959228516,
      9.129983901977539,
      9.144000053405762,
      9.113375663757324,
      9.13424015045166,
      9.135231971740723,
      9.144319534301758,
      9.12771224975586,
      9.123711585998535,
      9.140031814575195,
      9.125887870788574,
      9.144319534301758,
      9.15078353881836,
      9.129216194152832,
      9.137248039245605,
      9.143808364868164,
      9.121088027954102
    ]
  },
  "test_latency_ms": {
    "avg": 9.175846385955811,
    "min": 9.156607627868652,
    "max": 9.194815635681152,
    "all": [
      9.180095672607422,
      9.168255805969238,
      9.16812801361084,
      9.17142391204834,
      9.187328338623047,
      9.172256469726562,
      9.172191619873047,
      9.17471981048584,
      9.194687843322754,
      9.165632247924805,
      9.159744262695312,
      9.191776275634766,
      9.177248001098633,
      9.156607627868652,
      9.192095756530762,
      9.194815635681152,
      9.162752151489258,
      9.162752151489258,
      9.189375877380371,
      9.175040245056152
    ]
  },
  "num_runs": 20,
  "model_init_args": [
    64,
    128,
    6,
    10,
    0.0
  ],
  "model_init_kwargs": {},
  "seed": 100,
  "align_stats": {
    "copied_same_shape": 50,
    "unique_shape_copied": 0,
    "mapped_shape": 0,
    "skipped": 0,
    "pair_aligner": 0,
    "pair_key": "Model->ModelNew"
  },
  "runnable": true,
  "phase": "seed",
  "score": 0.9956667009611309
}