{
  "timestamp": "2025-08-15T13:31:25",
  "reference_file": "KernelBench/test/11_4D_tensor_matrix_multiplication.py",
  "candidate_file": "/home/wan00559/baseline/run/20250815_123616_11_4D_tensor_matrix_multiplication/code/kernel_20250815_133023.py",
  "tolerance": 0.001,
  "max_abs_err": 0.0,
  "mean_abs_err": 0.0,
  "ref_latency_ms": {
    "avg": 0.08527199923992157,
    "min": 0.08191999793052673,
    "max": 0.09625600278377533,
    "all": [
      0.09625600278377533,
      0.09030400216579437,
      0.08668799698352814,
      0.08601599931716919,
      0.08406399935483932,
      0.09443199634552002,
      0.0838719978928566,
      0.08236800134181976,
      0.08214399963617325,
      0.09084799885749817,
      0.08534400165081024,
      0.08271999657154083,
      0.08396799862384796,
      0.08361600339412689,
      0.08207999914884567,
      0.08191999793052673,
      0.08191999793052673,
      0.08284799754619598,
      0.08211199939250946,
      0.08191999793052673
    ]
  },
  "test_latency_ms": {
    "avg": 1.7214624047279359,
    "min": 1.7188479900360107,
    "max": 1.7314879894256592,
    "all": [
      1.7244800329208374,
      1.7223680019378662,
      1.721951961517334,
      1.7221440076828003,
      1.7210559844970703,
      1.720736026763916,
      1.7211840152740479,
      1.7203199863433838,
      1.720479965209961,
      1.7203199863433838,
      1.7220159769058228,
      1.7195520401000977,
      1.7314879894256592,
      1.7202880382537842,
      1.7214720249176025,
      1.7199360132217407,
      1.7203199863433838,
      1.7202880382537842,
      1.7200000286102295,
      1.7188479900360107
    ]
  },
  "num_runs": 20,
  "model_init_args": [],
  "model_init_kwargs": {},
  "runnable": true,
  "phase": "seed",
  "score": 0.049534627654792246
}