{
  "timestamp": "2025-08-15T13:24:33",
  "reference_file": "KernelBench/test/11_4D_tensor_matrix_multiplication.py",
  "candidate_file": "/home/wan00559/baseline/run/20250815_123616_11_4D_tensor_matrix_multiplication/code/kernel_20250815_132333.py",
  "tolerance": 0.001,
  "max_abs_err": 0.0,
  "mean_abs_err": 0.0,
  "ref_latency_ms": {
    "avg": 0.08755839951336383,
    "min": 0.08396799862384796,
    "max": 0.09971199929714203,
    "all": [
      0.0926079973578453,
      0.09971199929714203,
      0.08777599781751633,
      0.08640000224113464,
      0.08595199882984161,
      0.08563199639320374,
      0.0854400023818016,
      0.08745600283145905,
      0.0846719965338707,
      0.08396799862384796,
      0.08563199639320374,
      0.09011200070381165,
      0.08806400001049042,
      0.08656000345945358,
      0.08601599931716919,
      0.08796799927949905,
      0.08601599931716919,
      0.08687999844551086,
      0.08806400001049042,
      0.0862400010228157
    ]
  },
  "test_latency_ms": {
    "avg": 1.8251071929931642,
    "min": 1.82041597366333,
    "max": 1.8323520421981812,
    "all": [
      1.8323520421981812,
      1.8276159763336182,
      1.8216639757156372,
      1.8237760066986084,
      1.8288639783859253,
      1.8268159627914429,
      1.8229440450668335,
      1.8209919929504395,
      1.8236479759216309,
      1.8260480165481567,
      1.8217920064926147,
      1.8247679471969604,
      1.8300800323486328,
      1.8232959508895874,
      1.8252480030059814,
      1.8262720108032227,
      1.822816014289856,
      1.82041597366333,
      1.8261439800262451,
      1.826591968536377
    ]
  },
  "num_runs": 20,
  "model_init_args": [],
  "model_init_kwargs": {},
  "runnable": true,
  "phase": "seed",
  "score": 0.04797438739462125
}