{
  "timestamp": "2025-08-27T14:42:05",
  "reference_file": "KernelBench/level2test3/20_ConvTranspose3d_Sum_ResidualAdd_Multiply_ResidualAdd.py",
  "candidate_file": "/home/wan00559/pipleline/run/20250827_140941_batch_first10/20_ConvTranspose3d_Sum_ResidualAdd_Multiply_ResidualAdd/code/kernel_20250827_144100.py",
  "tolerance": 0.001,
  "max_abs_err": 2.384185791015625e-07,
  "mean_abs_err": 2.038245794366844e-09,
  "ref_latency_ms": {
    "avg": 6.313828778266907,
    "min": 6.299520015716553,
    "max": 6.326816082000732,
    "all": [
      6.322175979614258,
      6.322239875793457,
      6.3155198097229,
      6.326816082000732,
      6.322175979614258,
      6.318143844604492,
      6.314496040344238,
      6.321023941040039,
      6.322368144989014,
      6.318016052246094,
      6.323840141296387,
      6.313471794128418,
      6.3089599609375,
      6.305791854858398,
      6.300000190734863,
      6.303679943084717,
      6.309728145599365,
      6.299520015716553,
      6.302815914154053,
      6.305791854858398
    ]
  },
  "test_latency_ms": {
    "avg": 5.973222470283508,
    "min": 5.967584133148193,
    "max": 5.977856159210205,
    "all": [
      5.973536014556885,
      5.97433614730835,
      5.977856159210205,
      5.9765119552612305,
      5.976831912994385,
      5.968832015991211,
      5.9746880531311035,
      5.976064205169678,
      5.973536014556885,
      5.971424102783203,
      5.976064205169678,
      5.967584133148193,
      5.976736068725586,
      5.971744060516357,
      5.967872142791748,
      5.976352214813232,
      5.967872142791748,
      5.971136093139648,
      5.973855972290039,
      5.971615791320801
    ]
  },
  "num_runs": 20,
  "model_init_args": [
    16,
    32,
    3,
    2,
    1,
    1,
    [
      32,
      1,
      1,
      1
    ]
  ],
  "model_init_kwargs": {},
  "seed": 100,
  "align_stats": {
    "pair_aligner": 1,
    "copied_same_shape": 1,
    "mapped_shape": 0,
    "skipped": 0,
    "pair_key": "Model->ModelNew"
  },
  "runnable": true,
  "phase": "repair",
  "score": 1.057022203622567
}