{
  "timestamp": "2025-08-28T15:56:07",
  "reference_file": "KernelBench/level3test3/43_MinGPTCausalAttention.py",
  "candidate_file": "/home/wan00559/pipleline/run/20250828_154631_batch_first10/43_MinGPTCausalAttention/code/kernel_20250828_155500.py",
  "tolerance": 0.001,
  "max_abs_err": 1.4901161193847656e-06,
  "mean_abs_err": 2.924106112800473e-08,
  "ref_latency_ms": {
    "avg": 10.397510385513305,
    "min": 10.164447784423828,
    "max": 11.387935638427734,
    "all": [
      11.387935638427734,
      11.380736351013184,
      11.263360023498535,
      10.590208053588867,
      10.495424270629883,
      10.32806396484375,
      10.280192375183105,
      10.1943359375,
      10.180288314819336,
      10.169535636901855,
      10.168319702148438,
      10.169568061828613,
      10.172415733337402,
      10.168000221252441,
      10.170111656188965,
      10.166784286499023,
      10.166687965393066,
      10.16659164428711,
      10.167200088500977,
      10.164447784423828
    ]
  },
  "test_latency_ms": {
    "avg": 9.90551037788391,
    "min": 9.82425594329834,
    "max": 9.957375526428223,
    "all": [
      9.82425594329834,
      9.951904296875,
      9.956992149353027,
      9.941503524780273,
      9.947775840759277,
      9.957375526428223,
      9.943039894104004,
      9.94655990600586,
      9.916895866394043,
      9.876480102539062,
      9.882176399230957,
      9.885055541992188,
      9.883647918701172,
      9.879584312438965,
      9.882304191589355,
      9.890656471252441,
      9.885696411132812,
      9.875359535217285,
      9.893183708190918,
      9.88976001739502
    ]
  },
  "num_runs": 20,
  "model_init_args": [
    768,
    8,
    0.0,
    0.0,
    512
  ],
  "model_init_kwargs": {},
  "seed": 100,
  "align_stats": {
    "copied_same_shape": 4,
    "unique_shape_copied": 0,
    "mapped_shape": 0,
    "skipped": 0,
    "pair_aligner": 0,
    "pair_key": "Model->ModelNew"
  },
  "runnable": true,
  "phase": "seed",
  "score": 1.049669324331625
}