{
  "timestamp": "2025-08-27T14:15:52",
  "reference_file": "KernelBench/level2test3/13_ConvTranspose3d_Mean_Add_Softmax_Tanh_Scaling.py",
  "candidate_file": "/home/wan00559/pipleline/run/20250827_140941_batch_first10/13_ConvTranspose3d_Mean_Add_Softmax_Tanh_Scaling/code/kernel_20250827_141443.py",
  "tolerance": 0.001,
  "max_abs_err": 1.4901161193847656e-07,
  "mean_abs_err": 2.99552138649517e-09,
  "ref_latency_ms": {
    "avg": 1.488153600692749,
    "min": 1.4855040311813354,
    "max": 1.492095947265625,
    "all": [
      1.4892799854278564,
      1.4869760274887085,
      1.4877439737319946,
      1.4893759489059448,
      1.492095947265625,
      1.489024043083191,
      1.490399956703186,
      1.4895039796829224,
      1.4855040311813354,
      1.4870400428771973,
      1.486847996711731,
      1.4882559776306152,
      1.486624002456665,
      1.4878400564193726,
      1.4868799448013306,
      1.4908159971237183,
      1.4865920543670654,
      1.4880000352859497,
      1.487007975578308,
      1.4872640371322632
    ]
  },
  "test_latency_ms": {
    "avg": 1.6563167989253997,
    "min": 1.6527680158615112,
    "max": 1.6602239608764648,
    "all": [
      1.6582080125808716,
      1.6582080125808716,
      1.6547839641571045,
      1.654304027557373,
      1.655616044998169,
      1.6533759832382202,
      1.659999966621399,
      1.6543359756469727,
      1.6590720415115356,
      1.6565760374069214,
      1.655135989189148,
      1.6527680158615112,
      1.656831979751587,
      1.6560319662094116,
      1.656831979751587,
      1.6566400527954102,
      1.6549439430236816,
      1.656607985496521,
      1.6602239608764648,
      1.6558400392532349
    ]
  },
  "num_runs": 20,
  "model_init_args": [
    8,
    32,
    3,
    1,
    1,
    2.0
  ],
  "model_init_kwargs": {},
  "seed": 100,
  "align_stats": {
    "pair_aligner": 1,
    "copied_same_shape": 1,
    "mapped_shape": 0,
    "skipped": 0,
    "pair_key": "Model->ModelNew"
  },
  "runnable": true,
  "phase": "seed",
  "score": 0.8984715977391805
}