{
  "timestamp": "2025-08-27T14:20:16",
  "reference_file": "KernelBench/level2test2/23_Conv3d_GroupNorm_Mean.py",
  "candidate_file": "/home/wan00559/pipleline/run/20250827_140702_batch_first10/23_Conv3d_GroupNorm_Mean/code/kernel_20250827_141911.py",
  "tolerance": 0.001,
  "max_abs_err": 2.432842594046747e-09,
  "mean_abs_err": 7.773691690360351e-10,
  "ref_latency_ms": {
    "avg": 0.37753759771585466,
    "min": 0.37273600697517395,
    "max": 0.39526399970054626,
    "all": [
      0.39526399970054626,
      0.3821119964122772,
      0.3773120045661926,
      0.38495999574661255,
      0.38707199692726135,
      0.3758719861507416,
      0.37670400738716125,
      0.3731200098991394,
      0.37273600697517395,
      0.374783992767334,
      0.37439998984336853,
      0.3768320083618164,
      0.37487998604774475,
      0.37379199266433716,
      0.3763839900493622,
      0.3736959993839264,
      0.37507200241088867,
      0.374783992767334,
      0.3747200071811676,
      0.37625598907470703
    ]
  },
  "test_latency_ms": {
    "avg": 0.43088160157203675,
    "min": 0.4259839951992035,
    "max": 0.4375999867916107,
    "all": [
      0.43696001172065735,
      0.43212801218032837,
      0.43347200751304626,
      0.43212801218032837,
      0.4304639995098114,
      0.42870399355888367,
      0.43212801218032837,
      0.4276160001754761,
      0.43593600392341614,
      0.428384006023407,
      0.4259839951992035,
      0.42956799268722534,
      0.42982399463653564,
      0.43007999658584595,
      0.4286400079727173,
      0.43007999658584595,
      0.42847999930381775,
      0.4375999867916107,
      0.43007999658584595,
      0.4293760061264038
    ]
  },
  "num_runs": 20,
  "model_init_args": [
    3,
    24,
    3,
    8
  ],
  "model_init_kwargs": {},
  "seed": 100,
  "align_stats": {
    "pair_aligner": 1,
    "copied_same_shape": 1,
    "mapped_shape": 0,
    "skipped": 0,
    "pair_key": "Model->ModelNew"
  },
  "runnable": true,
  "phase": "repair",
  "score": 0.8761980004215525
}