{
  "timestamp": "2025-08-28T17:21:04",
  "reference_file": "KernelBench/level3test2/40_GRUHidden.py",
  "candidate_file": "/home/wan00559/pipleline/run/20250828_171511_40_GRUHidden/40_GRUHidden/code/kernel_20250828_171943.py",
  "tolerance": 0.001,
  "max_abs_err": 8.940696716308594e-08,
  "mean_abs_err": 1.1355840712212739e-08,
  "ref_latency_ms": {
    "avg": 1.5321903944015502,
    "min": 1.5304960012435913,
    "max": 1.5336320400238037,
    "all": [
      1.5319039821624756,
      1.5320320129394531,
      1.5331519842147827,
      1.532480001449585,
      1.5336320400238037,
      1.5322240591049194,
      1.5306559801101685,
      1.5332800149917603,
      1.5333119630813599,
      1.5319039821624756,
      1.5304960012435913,
      1.5320639610290527,
      1.5318399667739868,
      1.5333119630813599,
      1.533247947692871,
      1.531872034072876,
      1.5319039821624756,
      1.5319039821624756,
      1.5307199954986572,
      1.531872034072876
    ]
  },
  "test_latency_ms": {
    "avg": 481.01866455078124,
    "min": 474.6690673828125,
    "max": 493.78240966796875,
    "all": [
      484.292724609375,
      488.98687744140625,
      479.4626159667969,
      479.4848937988281,
      481.83514404296875,
      477.1020812988281,
      477.0365295410156,
      493.78240966796875,
      488.9678955078125,
      484.2386779785156,
      484.2177429199219,
      477.0795593261719,
      477.072021484375,
      484.22265625,
      474.6742248535156,
      474.8430480957031,
      474.6690673828125,
      474.70233154296875,
      477.08160400390625,
      486.6211853027344
    ]
  },
  "num_runs": 20,
  "model_init_args": [
    64,
    128,
    6
  ],
  "model_init_kwargs": {},
  "seed": 100,
  "align_stats": {
    "copied_same_shape": 0,
    "unique_shape_copied": 1,
    "mapped_shape": 0,
    "skipped": 23,
    "pair_aligner": 0,
    "pair_key": "Model->ModelNew"
  },
  "runnable": true,
  "phase": "repair",
  "score": 0.003185303414021259
}