{
  "timestamp": "2025-08-28T15:49:23",
  "reference_file": "KernelBench/level3test1/15_DenseNet121.py",
  "candidate_file": "/home/wan00559/pipleline/run/20250828_154521_batch_first17/15_DenseNet121/code/kernel_20250828_154816.py",
  "tolerance": 0.001,
  "max_abs_err": 0.0,
  "mean_abs_err": 0.0,
  "ref_latency_ms": {
    "avg": 10.587099170684814,
    "min": 10.456704139709473,
    "max": 11.54252815246582,
    "all": [
      10.620927810668945,
      10.572064399719238,
      10.56828784942627,
      10.520319938659668,
      10.61308765411377,
      10.502464294433594,
      10.51683235168457,
      10.536928176879883,
      10.496895790100098,
      11.54252815246582,
      10.541088104248047,
      10.637311935424805,
      10.491071701049805,
      10.489343643188477,
      10.456704139709473,
      10.480287551879883,
      10.602656364440918,
      10.58191967010498,
      10.486559867858887,
      10.48470401763916
    ]
  },
  "test_latency_ms": {
    "avg": 8.955265522003174,
    "min": 8.571359634399414,
    "max": 9.396224021911621,
    "all": [
      8.71123218536377,
      8.739935874938965,
      9.066495895385742,
      9.22214412689209,
      9.13203239440918,
      9.134079933166504,
      9.144319534301758,
      9.031999588012695,
      9.123807907104492,
      9.324095726013184,
      9.144319534301758,
      9.396224021911621,
      8.921055793762207,
      8.894368171691895,
      9.182208061218262,
      8.620063781738281,
      8.589311599731445,
      8.571359634399414,
      8.577088356018066,
      8.579168319702148
    ]
  },
  "num_runs": 20,
  "model_init_args": [
    32,
    5
  ],
  "model_init_kwargs": {},
  "seed": 100,
  "align_stats": {
    "copied_same_shape": 3,
    "unique_shape_copied": 5,
    "mapped_shape": 0,
    "skipped": 371,
    "pair_aligner": 0,
    "pair_key": "Model->ModelNew"
  },
  "runnable": true,
  "phase": "seed",
  "score": 1.1822205767849328
}