{
  "timestamp": "2025-08-29T10:06:28",
  "reference_file": "KernelBench/level2test/10_ConvTranspose2d_MaxPool_Hardtanh_Mean_Tanh.py",
  "candidate_file": "/home/wan00559/pipleline/run/20250829_100051_batch_first10/10_ConvTranspose2d_MaxPool_Hardtanh_Mean_Tanh/code/kernel_20250829_100521.py",
  "tolerance": 0.001,
  "max_abs_err": 1.1920928955078125e-07,
  "mean_abs_err": 6.182744982652366e-09,
  "ref_latency_ms": {
    "avg": 2.768235206604004,
    "min": 2.759552001953125,
    "max": 2.793247938156128,
    "all": [
      2.793247938156128,
      2.770944118499756,
      2.780319929122925,
      2.7688639163970947,
      2.7714240550994873,
      2.772576093673706,
      2.7639360427856445,
      2.766848087310791,
      2.76694393157959,
      2.7712318897247314,
      2.7648000717163086,
      2.7795839309692383,
      2.762752056121826,
      2.766432046890259,
      2.7600960731506348,
      2.7608320713043213,
      2.761183977127075,
      2.7625279426574707,
      2.760607957839966,
      2.759552001953125
    ]
  },
  "test_latency_ms": {
    "avg": 2.361510384082794,
    "min": 2.3347198963165283,
    "max": 2.754080057144165,
    "all": [
      2.355072021484375,
      2.3441920280456543,
      2.34553599357605,
      2.338815927505493,
      2.336639881134033,
      2.3416640758514404,
      2.338815927505493,
      2.3366079330444336,
      2.3394880294799805,
      2.338655948638916,
      2.343008041381836,
      2.3413760662078857,
      2.339168071746826,
      2.3347198963165283,
      2.754080057144165,
      2.3463358879089355,
      2.3413760662078857,
      2.342303991317749,
      2.335007905960083,
      2.33734393119812
    ]
  },
  "num_runs": 20,
  "model_init_args": [
    32,
    32,
    3,
    1,
    1,
    2,
    2,
    -1,
    1
  ],
  "model_init_kwargs": {},
  "seed": 100,
  "align_stats": {
    "pair_aligner": 1,
    "copied_same_shape": 1,
    "mapped_shape": 0,
    "skipped": 0,
    "pair_key": "Model->ModelNew"
  },
  "runnable": true,
  "phase": "repair",
  "score": 1.1722307999416997
}