{
  "timestamp": "2025-08-29T10:08:30",
  "reference_file": "KernelBench/level2test/10_ConvTranspose2d_MaxPool_Hardtanh_Mean_Tanh.py",
  "candidate_file": "/home/wan00559/pipleline/run/20250829_100051_batch_first10/10_ConvTranspose2d_MaxPool_Hardtanh_Mean_Tanh/code/kernel_20250829_100726.py",
  "tolerance": 0.001,
  "max_abs_err": 1.1920928955078125e-07,
  "mean_abs_err": 5.566562322201207e-09,
  "ref_latency_ms": {
    "avg": 2.7593504071235655,
    "min": 2.754431962966919,
    "max": 2.779360055923462,
    "all": [
      2.779360055923462,
      2.7626559734344482,
      2.7648000717163086,
      2.7607040405273438,
      2.7586560249328613,
      2.7586560249328613,
      2.756608009338379,
      2.7611520290374756,
      2.756608009338379,
      2.754431962966919,
      2.7582719326019287,
      2.7596800327301025,
      2.755232095718384,
      2.7594239711761475,
      2.759040117263794,
      2.756416082382202,
      2.7559359073638916,
      2.756959915161133,
      2.7545599937438965,
      2.7578558921813965
    ]
  },
  "test_latency_ms": {
    "avg": 2.3020352005958555,
    "min": 2.2393600940704346,
    "max": 2.3459839820861816,
    "all": [
      2.3459839820861816,
      2.338815927505493,
      2.3341760635375977,
      2.3362560272216797,
      2.3306241035461426,
      2.3347840309143066,
      2.3306241035461426,
      2.3306241035461426,
      2.3283839225769043,
      2.3380799293518066,
      2.3306241035461426,
      2.332767963409424,
      2.331968069076538,
      2.246527910232544,
      2.2431039810180664,
      2.2440319061279297,
      2.2412478923797607,
      2.2398719787597656,
      2.2428479194641113,
      2.2393600940704346
    ]
  },
  "num_runs": 20,
  "model_init_args": [
    32,
    32,
    3,
    1,
    1,
    2,
    2,
    -1,
    1
  ],
  "model_init_kwargs": {},
  "seed": 100,
  "align_stats": {
    "pair_aligner": 1,
    "copied_same_shape": 1,
    "mapped_shape": 0,
    "skipped": 0,
    "pair_key": "Model->ModelNew"
  },
  "runnable": true,
  "phase": "opt",
  "score": 1.1986569129826248
}