{
  "timestamp": "2025-08-27T14:55:07",
  "reference_file": "KernelBench/temp3/30_Gemm_GroupNorm_Hardtanh.py",
  "candidate_file": "/home/wan00559/pipleline/run/20250827_144812_batch_first3/30_Gemm_GroupNorm_Hardtanh/code/kernel_20250827_145404.py",
  "tolerance": 0.001,
  "max_abs_err": 0.0,
  "mean_abs_err": 0.0,
  "ref_latency_ms": {
    "avg": 1.8231936156749726,
    "min": 1.817952036857605,
    "max": 1.8389760255813599,
    "all": [
      1.8389760255813599,
      1.8261760473251343,
      1.8266559839248657,
      1.8264960050582886,
      1.8268159627914429,
      1.8209279775619507,
      1.819808006286621,
      1.820512056350708,
      1.8200960159301758,
      1.8220160007476807,
      1.8227200508117676,
      1.8238719701766968,
      1.8186240196228027,
      1.8194880485534668,
      1.8197760581970215,
      1.817952036857605,
      1.8184000253677368,
      1.830399990081787,
      1.824288010597229,
      1.8198720216751099
    ]
  },
  "test_latency_ms": {
    "avg": 1.824620795249939,
    "min": 1.8212159872055054,
    "max": 1.8313599824905396,
    "all": [
      1.8313599824905396,
      1.8247679471969604,
      1.8274240493774414,
      1.8309119939804077,
      1.8270080089569092,
      1.8217920064926147,
      1.822208046913147,
      1.821984052658081,
      1.8230400085449219,
      1.8288639783859253,
      1.8260159492492676,
      1.8212159872055054,
      1.8248000144958496,
      1.8229119777679443,
      1.821951985359192,
      1.8226879835128784,
      1.8223999738693237,
      1.8227200508117676,
      1.8245439529418945,
      1.823807954788208
    ]
  },
  "num_runs": 20,
  "model_init_args": [
    4096,
    4096,
    8,
    -2.0,
    2.0
  ],
  "model_init_kwargs": {},
  "seed": 100,
  "align_stats": {
    "copied_same_shape": 4,
    "unique_shape_copied": 0,
    "mapped_shape": 0,
    "skipped": 0,
    "pair_aligner": 0,
    "pair_key": "Model->ModelNew"
  },
  "runnable": true,
  "phase": "repair",
  "score": 0.999217821270764
}