{
  "timestamp": "2025-08-27T14:32:44",
  "reference_file": "KernelBench/level2test/3_ConvTranspose3d_Sum_LayerNorm_AvgPool_GELU.py",
  "candidate_file": "/home/wan00559/pipleline/run/20250827_140418_batch_first10/3_ConvTranspose3d_Sum_LayerNorm_AvgPool_GELU/code/kernel_20250827_143135.py",
  "tolerance": 0.001,
  "max_abs_err": 0.00023340433835983276,
  "mean_abs_err": 4.682241979026003e-06,
  "ref_latency_ms": {
    "avg": 10.012276887893677,
    "min": 8.508928298950195,
    "max": 10.253664016723633,
    "all": [
      10.253664016723633,
      10.213024139404297,
      10.210783958435059,
      10.207232475280762,
      10.207232475280762,
      10.205183982849121,
      10.208703994750977,
      10.204447746276855,
      10.209280014038086,
      10.206208229064941,
      10.205439567565918,
      10.205792427062988,
      10.201663970947266,
      10.203295707702637,
      10.205183982849121,
      10.203424453735352,
      10.203904151916504,
      9.62764835357666,
      8.554495811462402,
      8.508928298950195
    ]
  },
  "test_latency_ms": {
    "avg": 7.887918424606323,
    "min": 7.8438401222229,
    "max": 7.944575786590576,
    "all": [
      7.944575786590576,
      7.913792133331299,
      7.924223899841309,
      7.917791843414307,
      7.937215805053711,
      7.920896053314209,
      7.913504123687744,
      7.925759792327881,
      7.921599864959717,
      7.9319682121276855,
      7.868544101715088,
      7.853695869445801,
      7.84662389755249,
      7.847936153411865,
      7.85203218460083,
      7.852896213531494,
      7.851744174957275,
      7.845888137817383,
      7.8438401222229,
      7.8438401222229
    ]
  },
  "num_runs": 20,
  "model_init_args": [
    16,
    32,
    [
      3,
      3,
      3
    ],
    [
      2,
      2,
      2
    ],
    [
      1,
      1,
      1
    ],
    [
      1,
      1,
      1
    ],
    1.0,
    [
      32
    ],
    [
      2,
      2,
      2
    ]
  ],
  "model_init_kwargs": {},
  "seed": 100,
  "align_stats": {
    "pair_aligner": 1,
    "copied_same_shape": 1,
    "mapped_shape": 0,
    "skipped": 0,
    "pair_key": "Model->ModelNew"
  },
  "runnable": true,
  "phase": "repair",
  "score": 1.2693180062132017
}