{
  "timestamp": "2025-08-27T13:50:40",
  "reference_file": "KernelBench/level2test/1_Conv2D_ReLU_BiasAdd.py",
  "candidate_file": "/home/wan00559/pipleline/run/20250827_134905_1_Conv2D_ReLU_BiasAdd/1_Conv2D_ReLU_BiasAdd/code/kernel_20250827_134934.py",
  "tolerance": 0.001,
  "max_abs_err": 0.0,
  "mean_abs_err": 0.0,
  "ref_latency_ms": {
    "avg": 0.7932111948728562,
    "min": 0.787551999092102,
    "max": 0.825984001159668,
    "all": [
      0.825984001159668,
      0.799232006072998,
      0.7946239709854126,
      0.7946239709854126,
      0.7950080037117004,
      0.792576014995575,
      0.7885760068893433,
      0.7905279994010925,
      0.7902719974517822,
      0.7921919822692871,
      0.7905279994010925,
      0.787551999092102,
      0.7904000282287598,
      0.7905279994010925,
      0.7889279723167419,
      0.7919679880142212,
      0.7902079820632935,
      0.7904639840126038,
      0.7905279994010925,
      0.7895039916038513
    ]
  },
  "test_latency_ms": {
    "avg": 0.7387503981590271,
    "min": 0.7338240146636963,
    "max": 0.7672640085220337,
    "all": [
      0.7672640085220337,
      0.7434560060501099,
      0.7381439805030823,
      0.7352319955825806,
      0.7371839880943298,
      0.7338240146636963,
      0.7359039783477783,
      0.7367680072784424,
      0.7351679801940918,
      0.7371519804000854,
      0.7357439994812012,
      0.7351040244102478,
      0.7528640031814575,
      0.7348480224609375,
      0.7360640168190002,
      0.7350720167160034,
      0.7347840070724487,
      0.7351359724998474,
      0.735647976398468,
      0.7396479845046997
    ]
  },
  "num_runs": 20,
  "model_init_args": [
    32,
    64,
    3,
    [
      64,
      1,
      1
    ]
  ],
  "model_init_kwargs": {},
  "seed": 100,
  "align_stats": {
    "pair_aligner": 1,
    "copied_same_shape": 1,
    "mapped_shape": 0,
    "skipped": 0,
    "pair_key": "Model->ModelNew"
  },
  "runnable": true,
  "phase": "seed",
  "score": 1.0737201588649508
}