{
  "timestamp": "2025-08-29T10:05:39",
  "reference_file": "KernelBench/level2test4/31_Conv2d_Min_Add_Multiply.py",
  "candidate_file": "/home/wan00559/pipleline/run/20250829_100353_batch_first10/31_Conv2d_Min_Add_Multiply/code/kernel_20250829_100432.py",
  "tolerance": 0.001,
  "max_abs_err": 0.0,
  "mean_abs_err": 0.0,
  "ref_latency_ms": {
    "avg": 1.7222832024097443,
    "min": 1.7175040245056152,
    "max": 1.7448960542678833,
    "all": [
      1.7448960542678833,
      1.7367039918899536,
      1.724992036819458,
      1.7216960191726685,
      1.7197439670562744,
      1.7203199863433838,
      1.7203199863433838,
      1.7188800573349,
      1.7203199863433838,
      1.7203199863433838,
      1.719167947769165,
      1.7203199863433838,
      1.7220799922943115,
      1.7200000286102295,
      1.7196160554885864,
      1.7202240228652954,
      1.718559980392456,
      1.7196799516677856,
      1.7203199863433838,
      1.7175040245056152
    ]
  },
  "test_latency_ms": {
    "avg": 1.4569599986076356,
    "min": 1.4479360580444336,
    "max": 1.472767949104309,
    "all": [
      1.4615999460220337,
      1.470080018043518,
      1.4586880207061768,
      1.4539519548416138,
      1.4643839597702026,
      1.4544320106506348,
      1.453663945198059,
      1.4579520225524902,
      1.472767949104309,
      1.4534720182418823,
      1.4540799856185913,
      1.4479360580444336,
      1.4608960151672363,
      1.4568320512771606,
      1.4540159702301025,
      1.459455966949463,
      1.448032021522522,
      1.4540480375289917,
      1.4506880044937134,
      1.4522240161895752
    ]
  },
  "num_runs": 20,
  "model_init_args": [
    32,
    64,
    3,
    0.5,
    [
      64,
      1,
      1
    ],
    2.0
  ],
  "model_init_kwargs": {},
  "seed": 100,
  "align_stats": {
    "pair_aligner": 1,
    "copied_same_shape": 1,
    "mapped_shape": 0,
    "skipped": 0,
    "pair_key": "Model->ModelNew"
  },
  "runnable": true,
  "phase": "seed",
  "score": 1.1821074044968074
}