{
  "timestamp": "2025-08-29T10:07:33",
  "reference_file": "KernelBench/level2test4/31_Conv2d_Min_Add_Multiply.py",
  "candidate_file": "/home/wan00559/pipleline/run/20250829_100353_batch_first10/31_Conv2d_Min_Add_Multiply/code/kernel_20250829_100625.py",
  "tolerance": 0.001,
  "max_abs_err": 0.0,
  "mean_abs_err": 0.0,
  "ref_latency_ms": {
    "avg": 1.7323776066303254,
    "min": 1.7194559574127197,
    "max": 1.8221440315246582,
    "all": [
      1.7603520154953003,
      1.7550079822540283,
      1.7298879623413086,
      1.726464033126831,
      1.7243839502334595,
      1.7224639654159546,
      1.7242239713668823,
      1.7210880517959595,
      1.7223360538482666,
      1.7215360403060913,
      1.722815990447998,
      1.7244160175323486,
      1.7377279996871948,
      1.7244800329208374,
      1.7244160175323486,
      1.7227200269699097,
      1.7194559574127197,
      1.72051203250885,
      1.721119999885559,
      1.8221440315246582
    ]
  },
  "test_latency_ms": {
    "avg": 1.4420607924461364,
    "min": 1.434399962425232,
    "max": 1.468608021736145,
    "all": [
      1.468608021736145,
      1.4437439441680908,
      1.4415680170059204,
      1.4409279823303223,
      1.4395519495010376,
      1.4499839544296265,
      1.439296007156372,
      1.4561280012130737,
      1.4376959800720215,
      1.4420160055160522,
      1.4417920112609863,
      1.439743995666504,
      1.4376959800720215,
      1.437567949295044,
      1.4372800588607788,
      1.434399962425232,
      1.4376959800720215,
      1.4355520009994507,
      1.4381760358810425,
      1.4417920112609863
    ]
  },
  "num_runs": 20,
  "model_init_args": [
    32,
    64,
    3,
    0.5,
    [
      64,
      1,
      1
    ],
    2.0
  ],
  "model_init_kwargs": {},
  "seed": 100,
  "align_stats": {
    "pair_aligner": 1,
    "copied_same_shape": 1,
    "mapped_shape": 0,
    "skipped": 0,
    "pair_key": "Model->ModelNew"
  },
  "runnable": true,
  "phase": "opt",
  "score": 1.20132078737938
}