{
  "timestamp": "2025-08-14T23:10:36",
  "reference_file": "KernelBench/test/94_MSELoss.py",
  "candidate_file": "/home/wan00559/baseline/run/20250814_223658_94_MSELoss/code/kernel_20250814_230935.py",
  "tolerance": 0.001,
  "max_abs_err": 1.4901161193847656e-08,
  "mean_abs_err": 1.4901161193847656e-08,
  "ref_latency_ms": {
    "avg": 0.7193727999925613,
    "min": 0.7166399955749512,
    "max": 0.726207971572876,
    "all": [
      0.7231040000915527,
      0.726207971572876,
      0.7178239822387695,
      0.7175999879837036,
      0.7196800112724304,
      0.7188479900360107,
      0.720192015171051,
      0.7169920206069946,
      0.720736026763916,
      0.7188479900360107,
      0.7187520265579224,
      0.7168959975242615,
      0.7212160229682922,
      0.7166399955749512,
      0.7183679938316345,
      0.717631995677948,
      0.7229440212249756,
      0.7210559844970703,
      0.7167999744415283,
      0.7171199917793274
    ]
  },
  "test_latency_ms": {
    "avg": 0.6850063979625702,
    "min": 0.6800320148468018,
    "max": 0.6960639953613281,
    "all": [
      0.6950719952583313,
      0.6860799789428711,
      0.6831679940223694,
      0.6860799789428711,
      0.6858559846878052,
      0.6800320148468018,
      0.6881279945373535,
      0.681984007358551,
      0.6820480227470398,
      0.6823999881744385,
      0.6960639953613281,
      0.6863679885864258,
      0.6840000152587891,
      0.6826559901237488,
      0.6853119730949402,
      0.6823999881744385,
      0.6857600212097168,
      0.6820160150527954,
      0.6842880249023438,
      0.6804159879684448
    ]
  },
  "num_runs": 20,
  "runnable": true,
  "phase": "seed",
  "score": 1.050169461383438
}