{
  "timestamp": "2025-08-14T23:31:32",
  "reference_file": "KernelBench/test/94_MSELoss.py",
  "candidate_file": "/home/wan00559/baseline/run/20250814_223658_94_MSELoss/code/kernel_20250814_233029.py",
  "tolerance": 0.001,
  "max_abs_err": 1.4901161193847656e-08,
  "mean_abs_err": 1.4901161193847656e-08,
  "ref_latency_ms": {
    "avg": 0.7225440055131912,
    "min": 0.7207679748535156,
    "max": 0.7271680235862732,
    "all": [
      0.7270399928092957,
      0.7232000231742859,
      0.7207679748535156,
      0.7208960056304932,
      0.7229120135307312,
      0.7226880192756653,
      0.7244160175323486,
      0.7222080230712891,
      0.7208960056304932,
      0.7232639789581299,
      0.7208960056304932,
      0.7208960056304932,
      0.7223359942436218,
      0.7208960056304932,
      0.7271680235862732,
      0.723583996295929,
      0.7208960056304932,
      0.7229440212249756,
      0.7215359807014465,
      0.7214400172233582
    ]
  },
  "test_latency_ms": {
    "avg": 0.7529231935739518,
    "min": 0.7434239983558655,
    "max": 0.8196799755096436,
    "all": [
      0.8196799755096436,
      0.7634559869766235,
      0.7607359886169434,
      0.7512959837913513,
      0.7477120161056519,
      0.747871994972229,
      0.7482879757881165,
      0.749567985534668,
      0.7445759773254395,
      0.7439360022544861,
      0.7449600100517273,
      0.7459200024604797,
      0.7454720139503479,
      0.749567985534668,
      0.7577599883079529,
      0.7479680180549622,
      0.7434239983558655,
      0.7450879812240601,
      0.7577599883079529,
      0.7434239983558655
    ]
  },
  "num_runs": 20,
  "runnable": true,
  "phase": "seed",
  "score": 0.9596516771962388
}