{
  "timestamp": "2025-08-27T14:25:44",
  "reference_file": "KernelBench/level2test3/16_ConvTranspose2d_Mish_Add_Hardtanh_Scaling.py",
  "candidate_file": "/home/wan00559/pipleline/run/20250827_140941_batch_first10/16_ConvTranspose2d_Mish_Add_Hardtanh_Scaling/code/kernel_20250827_142439.py",
  "tolerance": 0.001,
  "max_abs_err": 2.384185791015625e-07,
  "mean_abs_err": 9.232434372563603e-09,
  "ref_latency_ms": {
    "avg": 13.083020734786988,
    "min": 11.124671936035156,
    "max": 13.639679908752441,
    "all": [
      13.615103721618652,
      13.514752388000488,
      13.514944076538086,
      13.557791709899902,
      11.132831573486328,
      13.59011173248291,
      11.130623817443848,
      11.124671936035156,
      13.604255676269531,
      13.512096405029297,
      11.125951766967773,
      13.55174446105957,
      13.577471733093262,
      13.617247581481934,
      13.639679908752441,
      13.536160469055176,
      13.621696472167969,
      13.534751892089844,
      13.623295783996582,
      13.535231590270996
    ]
  },
  "test_latency_ms": {
    "avg": 9.579094314575196,
    "min": 9.551872253417969,
    "max": 9.695487976074219,
    "all": [
      9.590784072875977,
      9.574399948120117,
      9.570303916931152,
      9.584639549255371,
      9.551872253417969,
      9.576767921447754,
      9.563743591308594,
      9.584639549255371,
      9.570303916931152,
      9.560064315795898,
      9.572352409362793,
      9.574591636657715,
      9.58198356628418,
      9.570240020751953,
      9.570303916931152,
      9.584639549255371,
      9.565823554992676,
      9.570272445678711,
      9.568672180175781,
      9.695487976074219
    ]
  },
  "num_runs": 20,
  "model_init_args": [
    32,
    32,
    3,
    2,
    1,
    1,
    0.5,
    2
  ],
  "model_init_kwargs": {},
  "seed": 100,
  "align_stats": {
    "pair_aligner": 1,
    "copied_same_shape": 1,
    "mapped_shape": 0,
    "skipped": 0,
    "pair_key": "Model->ModelNew"
  },
  "runnable": true,
  "phase": "repair",
  "score": 1.3657889049991236
}