{
  "timestamp": "2025-08-15T13:01:16",
  "reference_file": "KernelBench/test/11_4D_tensor_matrix_multiplication.py",
  "candidate_file": "/home/wan00559/baseline/run/20250815_123616_11_4D_tensor_matrix_multiplication/code/kernel_20250815_130014.py",
  "tolerance": 0.001,
  "max_abs_err": 0.0,
  "mean_abs_err": 0.0,
  "ref_latency_ms": {
    "avg": 0.08604159913957118,
    "min": 0.08211199939250946,
    "max": 0.09536000341176987,
    "all": [
      0.09120000153779984,
      0.09251199662685394,
      0.08566399663686752,
      0.09536000341176987,
      0.08601599931716919,
      0.08396799862384796,
      0.08287999778985977,
      0.08291199803352356,
      0.08905600011348724,
      0.08569599688053131,
      0.08393599838018417,
      0.08374399691820145,
      0.08342400193214417,
      0.09267199784517288,
      0.08531200140714645,
      0.08211199939250946,
      0.08396799862384796,
      0.08396799862384796,
      0.08291199803352356,
      0.08352000266313553
    ]
  },
  "test_latency_ms": {
    "avg": 0.23674880266189574,
    "min": 0.22118400037288666,
    "max": 0.2672640085220337,
    "all": [
      0.2672640085220337,
      0.26419198513031006,
      0.26214399933815,
      0.26009601354599,
      0.25894400477409363,
      0.2603200078010559,
      0.26009601354599,
      0.22944000363349915,
      0.22732800245285034,
      0.22323200106620789,
      0.22124800086021423,
      0.2229440063238144,
      0.22195200622081757,
      0.22355200350284576,
      0.22191999852657318,
      0.221343994140625,
      0.22118400037288666,
      0.22278399765491486,
      0.22176000475883484,
      0.22323200106620789
    ]
  },
  "num_runs": 20,
  "model_init_args": [],
  "model_init_kwargs": {},
  "runnable": true,
  "phase": "seed",
  "score": 0.3634299230752537
}