{
  "timestamp": "2025-08-15T13:18:43",
  "reference_file": "KernelBench/test/11_4D_tensor_matrix_multiplication.py",
  "candidate_file": "/home/wan00559/baseline/run/20250815_123616_11_4D_tensor_matrix_multiplication/code/kernel_20250815_131742.py",
  "tolerance": 0.001,
  "max_abs_err": 0.0,
  "mean_abs_err": 0.0,
  "ref_latency_ms": {
    "avg": 0.0960800003260374,
    "min": 0.09068799763917923,
    "max": 0.1167680025100708,
    "all": [
      0.09984000027179718,
      0.09683199971914291,
      0.1167680025100708,
      0.1003199964761734,
      0.09616000205278397,
      0.09241600334644318,
      0.09161599725484848,
      0.09212800115346909,
      0.09161599725484848,
      0.10700800269842148,
      0.09401600062847137,
      0.0939520001411438,
      0.09830400347709656,
      0.09244800359010696,
      0.09167999774217606,
      0.09068799763917923,
      0.09366399794816971,
      0.0942080020904541,
      0.0942080020904541,
      0.09372799843549728
    ]
  },
  "test_latency_ms": {
    "avg": 1.7487088024616242,
    "min": 1.7448960542678833,
    "max": 1.7593920230865479,
    "all": [
      1.7551360130310059,
      1.754464030265808,
      1.7511680126190186,
      1.749567985534668,
      1.74726402759552,
      1.7484159469604492,
      1.7458879947662354,
      1.7451200485229492,
      1.745919942855835,
      1.7469439506530762,
      1.745568037033081,
      1.7469439506530762,
      1.7513600587844849,
      1.7514560222625732,
      1.7593920230865479,
      1.7448960542678833,
      1.7451200485229492,
      1.7469439506530762,
      1.746559977531433,
      1.7460479736328125
    ]
  },
  "num_runs": 20,
  "model_init_args": [],
  "model_init_kwargs": {},
  "runnable": true,
  "phase": "seed",
  "score": 0.05494339605930239
}