{
  "timestamp": "2025-08-18T10:50:01",
  "reference_file": "KernelBench/test/17_Matmul_with_transposed_B.py",
  "candidate_file": "/home/wan00559/baseline/run/20250818_103519_17_Matmul_with_transposed_B/code/kernel_20250818_104858.py",
  "tolerance": 0.001,
  "max_abs_err": 0.000518798828125,
  "mean_abs_err": 8.900568354874849e-05,
  "ref_latency_ms": {
    "avg": 0.06392000000923873,
    "min": 0.062144000083208084,
    "max": 0.0721919983625412,
    "all": [
      0.0721919983625412,
      0.06681600213050842,
      0.06438399851322174,
      0.06499200314283371,
      0.06547199934720993,
      0.06239999830722809,
      0.06348799914121628,
      0.06348799914121628,
      0.06294400244951248,
      0.06284800171852112,
      0.062431998550891876,
      0.0628800019621849,
      0.06224000081419945,
      0.062463998794555664,
      0.06345599889755249,
      0.062144000083208084,
      0.06348799914121628,
      0.06524799764156342,
      0.06230400130152702,
      0.06272000074386597
    ]
  },
  "test_latency_ms": {
    "avg": 0.6634239912033081,
    "min": 0.6461439728736877,
    "max": 0.6824319958686829,
    "all": [
      0.6513599753379822,
      0.6492159962654114,
      0.6777600049972534,
      0.6778879761695862,
      0.6790080070495605,
      0.6472640037536621,
      0.6824319958686829,
      0.6473280191421509,
      0.6477439999580383,
      0.647167980670929,
      0.6822720170021057,
      0.6461439728736877,
      0.6492159962654114,
      0.6763839721679688,
      0.647167980670929,
      0.6778879761695862,
      0.67740797996521,
      0.6797760128974915,
      0.647167980670929,
      0.6778879761695862
    ]
  },
  "num_runs": 20,
  "model_init_args": [],
  "model_init_kwargs": {},
  "runnable": true,
  "phase": "seed",
  "score": 0.09634864107537267
}