{
  "timestamp": "2025-08-27T14:43:36",
  "reference_file": "KernelBench/temp/6_Conv3d_Softmax_MaxPool_MaxPool.py",
  "candidate_file": "/home/wan00559/pipleline/run/20250827_143644_batch_first6/6_Conv3d_Softmax_MaxPool_MaxPool/code/kernel_20250827_144234.py",
  "tolerance": 0.001,
  "max_abs_err": 1.4901161193847656e-08,
  "mean_abs_err": 1.493996593104896e-09,
  "ref_latency_ms": {
    "avg": 0.18053120151162147,
    "min": 0.17683200538158417,
    "max": 0.19500799477100372,
    "all": [
      0.19500799477100372,
      0.18960000574588776,
      0.18268799781799316,
      0.17926399409770966,
      0.17817600071430206,
      0.17791999876499176,
      0.17817600071430206,
      0.1802240014076233,
      0.17849600315093994,
      0.17961600422859192,
      0.17801600694656372,
      0.17817600071430206,
      0.1807360053062439,
      0.17875200510025024,
      0.17817600071430206,
      0.17839999496936798,
      0.1780479997396469,
      0.18636800348758698,
      0.17683200538158417,
      0.17795200645923615
    ]
  },
  "test_latency_ms": {
    "avg": 0.1839296005666256,
    "min": 0.1777919977903366,
    "max": 0.21254399418830872,
    "all": [
      0.21254399418830872,
      0.19011199474334717,
      0.18163199722766876,
      0.17955200374126434,
      0.17936000227928162,
      0.18636800348758698,
      0.17856000363826752,
      0.17903999984264374,
      0.17948800325393677,
      0.1777919977903366,
      0.18675200641155243,
      0.1794240027666092,
      0.19660800695419312,
      0.18172800540924072,
      0.1796479970216751,
      0.19443200528621674,
      0.18000000715255737,
      0.17814399302005768,
      0.1783359944820404,
      0.17907199263572693
    ]
  },
  "num_runs": 20,
  "model_init_args": [
    3,
    8,
    3,
    2
  ],
  "model_init_kwargs": {},
  "seed": 100,
  "align_stats": {
    "pair_aligner": 1,
    "copied_same_shape": 1,
    "mapped_shape": 0,
    "skipped": 0,
    "pair_key": "Model->ModelNew"
  },
  "runnable": true,
  "phase": "repair",
  "score": 0.9815233706563011
}