{
  "timestamp": "2025-08-27T14:45:39",
  "reference_file": "KernelBench/temp1/36_ConvTranspose2d_Min_Sum_GELU_Add.py",
  "candidate_file": "/home/wan00559/pipleline/run/20250827_144354_batch_first5/36_ConvTranspose2d_Min_Sum_GELU_Add/code/kernel_20250827_144430.py",
  "tolerance": 0.001,
  "max_abs_err": 0.0,
  "mean_abs_err": 0.0,
  "ref_latency_ms": {
    "avg": 2.0608959674835203,
    "min": 2.056191921234131,
    "max": 2.080832004547119,
    "all": [
      2.080832004547119,
      2.0627520084381104,
      2.0582399368286133,
      2.0565121173858643,
      2.0763518810272217,
      2.0602879524230957,
      2.064192056655884,
      2.056191921234131,
      2.0582399368286133,
      2.066431999206543,
      2.0582399368286133,
      2.0602879524230957,
      2.0578560829162598,
      2.057919979095459,
      2.0581119060516357,
      2.0564799308776855,
      2.056191921234131,
      2.0573439598083496,
      2.057215929031372,
      2.0582399368286133
    ]
  },
  "test_latency_ms": {
    "avg": 2.2699296116828918,
    "min": 2.264832019805908,
    "max": 2.2814719676971436,
    "all": [
      2.278752088546753,
      2.2710719108581543,
      2.2667839527130127,
      2.2742080688476562,
      2.265727996826172,
      2.267008066177368,
      2.264832019805908,
      2.26911997795105,
      2.2684481143951416,
      2.267263889312744,
      2.2650880813598633,
      2.2736001014709473,
      2.265120029449463,
      2.2677440643310547,
      2.26857590675354,
      2.2814719676971436,
      2.2710399627685547,
      2.273375988006592,
      2.2685439586639404,
      2.2708160877227783
    ]
  },
  "num_runs": 20,
  "model_init_args": [
    32,
    64,
    3,
    2,
    1,
    1,
    [
      1,
      1,
      1
    ]
  ],
  "model_init_kwargs": {},
  "seed": 100,
  "align_stats": {
    "pair_aligner": 1,
    "copied_same_shape": 1,
    "mapped_shape": 0,
    "skipped": 0,
    "pair_key": "Model->ModelNew"
  },
  "runnable": true,
  "phase": "seed",
  "score": 0.9079118387092201
}