{
  "timestamp": "2025-08-27T14:28:40",
  "reference_file": "KernelBench/level2test2/26_ConvTranspose3d_Add_HardSwish.py",
  "candidate_file": "/home/wan00559/pipleline/run/20250827_140702_batch_first10/26_ConvTranspose3d_Add_HardSwish/code/kernel_20250827_142736.py",
  "tolerance": 0.001,
  "max_abs_err": 0.0,
  "mean_abs_err": 0.0,
  "ref_latency_ms": {
    "avg": 10.074792003631591,
    "min": 8.638143539428711,
    "max": 10.9486083984375,
    "all": [
      10.9486083984375,
      10.892895698547363,
      10.8853759765625,
      10.881631851196289,
      10.876928329467773,
      10.874879837036133,
      10.869215965270996,
      10.872832298278809,
      10.894911766052246,
      10.87564754486084,
      10.871935844421387,
      10.877216339111328,
      9.467904090881348,
      8.96406364440918,
      8.921088218688965,
      8.761343955993652,
      8.759296417236328,
      8.687616348266602,
      8.674304008483887,
      8.638143539428711
    ]
  },
  "test_latency_ms": {
    "avg": 8.270655870437622,
    "min": 8.226495742797852,
    "max": 8.314144134521484,
    "all": [
      8.314144134521484,
      8.2805757522583,
      8.279423713684082,
      8.269824028015137,
      8.267775535583496,
      8.273695945739746,
      8.273887634277344,
      8.272000312805176,
      8.269472122192383,
      8.265727996826172,
      8.260064125061035,
      8.267775535583496,
      8.266655921936035,
      8.267775535583496,
      8.282367706298828,
      8.28006362915039,
      8.28006362915039,
      8.230912208557129,
      8.226495742797852,
      8.284416198730469
    ]
  },
  "num_runs": 20,
  "model_init_args": [
    16,
    32,
    3,
    2,
    1,
    1,
    [
      32,
      1,
      1,
      1,
      1
    ]
  ],
  "model_init_kwargs": {},
  "seed": 100,
  "align_stats": {
    "pair_aligner": 1,
    "copied_same_shape": 1,
    "mapped_shape": 0,
    "skipped": 0,
    "pair_key": "Model->ModelNew"
  },
  "runnable": true,
  "phase": "seed",
  "score": 1.2181370088970354
}