{
  "timestamp": "2025-08-28T16:03:33",
  "reference_file": "KernelBench/level3test1/18_SqueezeNet.py",
  "candidate_file": "/home/wan00559/pipleline/run/20250828_154521_batch_first17/18_SqueezeNet/code/kernel_20250828_160228.py",
  "tolerance": 0.001,
  "max_abs_err": 0.0,
  "mean_abs_err": 0.0,
  "ref_latency_ms": {
    "avg": 14.395603275299072,
    "min": 13.832832336425781,
    "max": 14.827520370483398,
    "all": [
      14.827520370483398,
      14.823776245117188,
      14.79212760925293,
      14.820704460144043,
      14.800895690917969,
      14.79468822479248,
      14.78656005859375,
      14.79475212097168,
      14.791071891784668,
      14.805439949035645,
      14.649920463562012,
      14.131839752197266,
      13.97327995300293,
      13.932512283325195,
      13.891584396362305,
      13.895487785339355,
      13.832832336425781,
      13.835519790649414,
      13.863840103149414,
      13.867712020874023
    ]
  },
  "test_latency_ms": {
    "avg": 15.018863916397095,
    "min": 14.988639831542969,
    "max": 15.074336051940918,
    "all": [
      15.074336051940918,
      15.003328323364258,
      15.020031929016113,
      15.024895668029785,
      15.054176330566406,
      15.026399612426758,
      15.010239601135254,
      15.007231712341309,
      14.988639831542969,
      15.017984390258789,
      15.009856224060059,
      15.015935897827148,
      15.003647804260254,
      15.034079551696777,
      15.008223533630371,
      15.029664039611816,
      14.989312171936035,
      15.021759986877441,
      15.000415802001953,
      15.03711986541748
    ]
  },
  "num_runs": 20,
  "model_init_args": [
    100
  ],
  "model_init_kwargs": {},
  "seed": 100,
  "align_stats": {
    "copied_same_shape": 52,
    "unique_shape_copied": 0,
    "mapped_shape": 0,
    "skipped": 0,
    "pair_aligner": 0,
    "pair_key": "Model->ModelNew"
  },
  "runnable": true,
  "phase": "seed",
  "score": 0.9585014789023045
}