{
  "timestamp": "2025-08-28T16:31:24",
  "reference_file": "KernelBench/level3test2/34_VanillaRNNHidden.py",
  "candidate_file": "/home/wan00559/pipleline/run/20250828_154552_batch_first10/34_VanillaRNNHidden/code/kernel_20250828_163013.py",
  "tolerance": 0.001,
  "max_abs_err": 4.76837158203125e-07,
  "mean_abs_err": 6.605216640309663e-08,
  "ref_latency_ms": {
    "avg": 26.24858570098877,
    "min": 25.532928466796875,
    "max": 27.913312911987305,
    "all": [
      27.913312911987305,
      25.54265594482422,
      25.53651237487793,
      25.539424896240234,
      25.53856086730957,
      25.535263061523438,
      27.912799835205078,
      25.539775848388672,
      25.53753662109375,
      25.538496017456055,
      25.5380802154541,
      25.535680770874023,
      27.90399932861328,
      25.532928466796875,
      25.533023834228516,
      25.534719467163086,
      27.911775588989258,
      27.90665626525879,
      27.906047821044922,
      25.53446388244629
    ]
  },
  "test_latency_ms": {
    "avg": 15.512331295013428,
    "min": 15.507455825805664,
    "max": 15.515647888183594,
    "all": [
      15.511551856994629,
      15.51420783996582,
      15.511232376098633,
      15.511551856994629,
      15.511808395385742,
      15.511008262634277,
      15.513248443603516,
      15.51529598236084,
      15.513504028320312,
      15.511808395385742,
      15.514047622680664,
      15.51142406463623,
      15.51200008392334,
      15.51360034942627,
      15.51360034942627,
      15.507455825805664,
      15.511615753173828,
      15.511872291564941,
      15.515647888183594,
      15.510144233703613
    ]
  },
  "num_runs": 20,
  "model_init_args": [
    512,
    128,
    64
  ],
  "model_init_kwargs": {},
  "seed": 100,
  "align_stats": {
    "copied_same_shape": 0,
    "unique_shape_copied": 4,
    "mapped_shape": 0,
    "skipped": 0,
    "pair_aligner": 0,
    "pair_key": "Model->ModelNew"
  },
  "runnable": true,
  "phase": "repair",
  "score": 1.6921109536531496
}