{
  "timestamp": "2025-08-28T16:08:52",
  "reference_file": "KernelBench/level3test3/45_UNetSoftmax.py",
  "candidate_file": "/home/wan00559/pipleline/run/20250828_154631_batch_first10/45_UNetSoftmax/code/kernel_20250828_160746.py",
  "tolerance": 0.001,
  "max_abs_err": 7.450580596923828e-09,
  "mean_abs_err": 2.771912477328442e-09,
  "ref_latency_ms": {
    "avg": 2.8189167857170103,
    "min": 2.7944960594177246,
    "max": 2.865151882171631,
    "all": [
      2.840575933456421,
      2.8180480003356934,
      2.8287041187286377,
      2.8146560192108154,
      2.7989439964294434,
      2.8321919441223145,
      2.8139519691467285,
      2.7994558811187744,
      2.8026559352874756,
      2.847007989883423,
      2.7944960594177246,
      2.7957119941711426,
      2.811903953552246,
      2.810015916824341,
      2.8030080795288086,
      2.8196799755096436,
      2.846719980239868,
      2.809823989868164,
      2.825632095336914,
      2.865151882171631
    ]
  },
  "test_latency_ms": {
    "avg": 4.842299246788025,
    "min": 4.824448108673096,
    "max": 4.874335765838623,
    "all": [
      4.874335765838623,
      4.853759765625,
      4.84771203994751,
      4.837376117706299,
      4.83676815032959,
      4.850336074829102,
      4.84819221496582,
      4.847968101501465,
      4.839424133300781,
      4.825183868408203,
      4.834144115447998,
      4.835328102111816,
      4.847616195678711,
      4.83190393447876,
      4.847008228302002,
      4.851776123046875,
      4.842080116271973,
      4.824448108673096,
      4.833759784698486,
      4.836863994598389
    ]
  },
  "num_runs": 20,
  "model_init_args": [
    4,
    2,
    32
  ],
  "model_init_kwargs": {},
  "seed": 100,
  "align_stats": {
    "copied_same_shape": 136,
    "unique_shape_copied": 0,
    "mapped_shape": 0,
    "skipped": 0,
    "pair_aligner": 0,
    "pair_key": "Model->ModelNew"
  },
  "runnable": true,
  "phase": "repair",
  "score": 0.5821442752813848
}