{
  "timestamp": "2025-08-15T17:08:39",
  "reference_file": "KernelBench/test/15_Matmul_for_lower_triangular_matrices.py",
  "candidate_file": "/home/wan00559/baseline/run/20250815_165252_15_Matmul_for_lower_triangular_matrices/code/kernel_20250815_170737.py",
  "tolerance": 0.001,
  "max_abs_err": 0.00012969970703125,
  "mean_abs_err": 3.0844105367577868e-06,
  "ref_latency_ms": {
    "avg": 0.08720800057053565,
    "min": 0.08396799862384796,
    "max": 0.10665600001811981,
    "all": [
      0.10665600001811981,
      0.09011200070381165,
      0.08601599931716919,
      0.0846719965338707,
      0.08470399677753448,
      0.08448000252246857,
      0.08460800349712372,
      0.0841279998421669,
      0.08451200276613235,
      0.09385599941015244,
      0.08425600081682205,
      0.08396799862384796,
      0.08591999858617783,
      0.08396799862384796,
      0.08540800213813782,
      0.08454400300979614,
      0.08528000116348267,
      0.0843840017914772,
      0.09830400347709656,
      0.0843840017914772
    ]
  },
  "test_latency_ms": {
    "avg": 0.3416448011994362,
    "min": 0.3092480003833771,
    "max": 0.3770880103111267,
    "all": [
      0.3770880103111267,
      0.37651199102401733,
      0.374783992767334,
      0.3643200099468231,
      0.362527996301651,
      0.3622080087661743,
      0.3638719916343689,
      0.3620480000972748,
      0.36294400691986084,
      0.3633919954299927,
      0.36243200302124023,
      0.31830400228500366,
      0.3111039996147156,
      0.3104639947414398,
      0.31148800253868103,
      0.3108479976654053,
      0.30953601002693176,
      0.3099200129508972,
      0.30985599756240845,
      0.3092480003833771
    ]
  },
  "num_runs": 20,
  "model_init_args": [],
  "model_init_kwargs": {},
  "runnable": true,
  "phase": "seed",
  "score": 0.25525926419593814
}