{
  "timestamp": "2025-08-14T19:37:19",
  "reference_file": "KernelBench/level1/100_HingeLoss.py",
  "candidate_file": "/home/wan00559/baseline/run/20250814_180428_100_HingeLoss/code/kernel_20250814_193613.py",
  "tolerance": 0.001,
  "max_abs_err": 0.00013172626495361328,
  "mean_abs_err": 0.00013172626495361328,
  "ref_latency_ms": {
    "avg": 0.8512463957071305,
    "min": 0.8478720188140869,
    "max": 0.8580480217933655,
    "all": [
      0.8575040102005005,
      0.8518720269203186,
      0.8485440015792847,
      0.8559359908103943,
      0.8499199748039246,
      0.8512639999389648,
      0.8521919846534729,
      0.8498240113258362,
      0.8499199748039246,
      0.851967990398407,
      0.8499199748039246,
      0.8479999899864197,
      0.8490560054779053,
      0.8489599823951721,
      0.8499199748039246,
      0.8512960076332092,
      0.8529919981956482,
      0.8499199748039246,
      0.8580480217933655,
      0.8478720188140869
    ]
  },
  "test_latency_ms": {
    "avg": 0.45906880050897597,
    "min": 0.45049598813056946,
    "max": 0.4732480049133301,
    "all": [
      0.4732480049133301,
      0.46268799901008606,
      0.45260798931121826,
      0.4607999920845032,
      0.45241600275039673,
      0.45468801259994507,
      0.45737600326538086,
      0.45875200629234314,
      0.4589119851589203,
      0.469184011220932,
      0.4548799991607666,
      0.45628800988197327,
      0.46672001481056213,
      0.46272000670433044,
      0.4607999920845032,
      0.46489599347114563,
      0.4583039879798889,
      0.45049598813056946,
      0.4527040123939514,
      0.45289599895477295
    ]
  },
  "num_runs": 20,
  "runnable": true,
  "phase": "seed",
  "score": 1.8542893674397862
}