{
  "timestamp": "2025-08-27T14:50:16",
  "reference_file": "KernelBench/temp3/28_BMM_InstanceNorm_Sum_ResidualAdd_Multiply.py",
  "candidate_file": "/home/wan00559/pipleline/run/20250827_144812_batch_first3/28_BMM_InstanceNorm_Sum_ResidualAdd_Multiply/code/kernel_20250827_144908.py",
  "tolerance": 0.001,
  "max_abs_err": 5.7220458984375e-06,
  "mean_abs_err": 1.515580905220304e-08,
  "ref_latency_ms": {
    "avg": 1.7989503979682921,
    "min": 1.7945599555969238,
    "max": 1.8141759634017944,
    "all": [
      1.8141759634017944,
      1.8055360317230225,
      1.801792025566101,
      1.7967040538787842,
      1.8001919984817505,
      1.804479956626892,
      1.796288013458252,
      1.7998720407485962,
      1.7945599555969238,
      1.7956479787826538,
      1.802847981452942,
      1.7976000308990479,
      1.7946879863739014,
      1.7993600368499756,
      1.794975996017456,
      1.7960959672927856,
      1.7960959672927856,
      1.7960959672927856,
      1.795807957649231,
      1.7961920499801636
    ]
  },
  "test_latency_ms": {
    "avg": 1.707371211051941,
    "min": 1.70249605178833,
    "max": 1.7181440591812134,
    "all": [
      1.7181440591812134,
      1.7120000123977661,
      1.7070080041885376,
      1.7059839963912964,
      1.714400053024292,
      1.7119040489196777,
      1.703935980796814,
      1.7156480550765991,
      1.7059839963912964,
      1.7059839963912964,
      1.7061760425567627,
      1.703935980796814,
      1.7098239660263062,
      1.7036160230636597,
      1.7059839963912964,
      1.703935980796814,
      1.70249605178833,
      1.703935980796814,
      1.703935980796814,
      1.7025920152664185
    ]
  },
  "num_runs": 20,
  "model_init_args": [
    4096,
    4096
  ],
  "model_init_kwargs": {},
  "seed": 100,
  "align_stats": {
    "copied_same_shape": 0,
    "unique_shape_copied": 2,
    "mapped_shape": 0,
    "skipped": 0,
    "pair_aligner": 0,
    "pair_key": "Model->ModelNew"
  },
  "runnable": true,
  "phase": "seed",
  "score": 1.0536375372406142
}