{
  "timestamp": "2025-08-28T15:47:17",
  "reference_file": "KernelBench/level3test1/14_DenseNet121DenseBlock.py",
  "candidate_file": "/home/wan00559/pipleline/run/20250828_154521_batch_first17/14_DenseNet121DenseBlock/code/kernel_20250828_154609.py",
  "tolerance": 0.001,
  "max_abs_err": 0.0,
  "mean_abs_err": 0.0,
  "ref_latency_ms": {
    "avg": 5.129785585403442,
    "min": 5.118879795074463,
    "max": 5.160543918609619,
    "all": [
      5.160543918609619,
      5.1454081535339355,
      5.126463890075684,
      5.127999782562256,
      5.1287360191345215,
      5.12883186340332,
      5.136352062225342,
      5.124095916748047,
      5.123807907104492,
      5.128064155578613,
      5.134335994720459,
      5.1287360191345215,
      5.127359867095947,
      5.123136043548584,
      5.130368232727051,
      5.125984191894531,
      5.123424053192139,
      5.129471778869629,
      5.123712062835693,
      5.118879795074463
    ]
  },
  "test_latency_ms": {
    "avg": 5.8438448190689085,
    "min": 5.476704120635986,
    "max": 6.193151950836182,
    "all": [
      6.193151950836182,
      6.179647922515869,
      6.1787519454956055,
      6.178336143493652,
      6.177120208740234,
      6.17471981048584,
      6.184256076812744,
      6.172671794891357,
      6.173920154571533,
      5.778719902038574,
      5.662623882293701,
      5.662720203399658,
      5.601280212402344,
      5.539519786834717,
      5.539840221405029,
      5.540224075317383,
      5.495423793792725,
      5.478400230407715,
      5.476704120635986,
      5.488863945007324
    ]
  },
  "num_runs": 20,
  "model_init_args": [
    3,
    16,
    16
  ],
  "model_init_kwargs": {},
  "seed": 100,
  "align_stats": {
    "copied_same_shape": 18,
    "unique_shape_copied": 0,
    "mapped_shape": 0,
    "skipped": 0,
    "pair_aligner": 0,
    "pair_key": "Model->ModelNew"
  },
  "runnable": true,
  "phase": "seed",
  "score": 0.8778100281966015
}