{
  "timestamp": "2025-08-14T23:25:13",
  "reference_file": "KernelBench/test/94_MSELoss.py",
  "candidate_file": "/home/wan00559/baseline/run/20250814_223658_94_MSELoss/code/kernel_20250814_232339.py",
  "tolerance": 0.001,
  "max_abs_err": 5.960464477539063e-08,
  "mean_abs_err": 5.960464477539063e-08,
  "ref_latency_ms": {
    "avg": 0.7223120033740997,
    "min": 0.7189440131187439,
    "max": 0.7270399928092957,
    "all": [
      0.7270399928092957,
      0.7265920042991638,
      0.7226560115814209,
      0.7229440212249756,
      0.7212160229682922,
      0.7206720113754272,
      0.7232000231742859,
      0.7208960056304932,
      0.7211199998855591,
      0.7189440131187439,
      0.7203199863433838,
      0.7240319848060608,
      0.7227200269699097,
      0.7227839827537537,
      0.7244160175323486,
      0.7210559844970703,
      0.722432017326355,
      0.7200959920883179,
      0.7215359807014465,
      0.7215679883956909
    ]
  },
  "test_latency_ms": {
    "avg": 0.5699792027473449,
    "min": 0.563264012336731,
    "max": 0.5919039845466614,
    "all": [
      0.5919039845466614,
      0.5796480178833008,
      0.5810239911079407,
      0.5705919861793518,
      0.5675839781761169,
      0.5658239722251892,
      0.5653759837150574,
      0.5852800011634827,
      0.5739520192146301,
      0.5670400261878967,
      0.563264012336731,
      0.563808023929596,
      0.5633280277252197,
      0.5658239722251892,
      0.566976010799408,
      0.5646399855613708,
      0.5655360221862793,
      0.5659840106964111,
      0.567296028137207,
      0.5647040009498596
    ]
  },
  "num_runs": 20,
  "runnable": true,
  "phase": "seed",
  "score": 1.2672602787829776
}