{
  "timestamp": "2025-08-14T23:35:47",
  "reference_file": "KernelBench/test/94_MSELoss.py",
  "candidate_file": "/home/wan00559/baseline/run/20250814_223658_94_MSELoss/code/kernel_20250814_233442.py",
  "tolerance": 0.001,
  "max_abs_err": 4.470348358154297e-08,
  "mean_abs_err": 4.470348358154297e-08,
  "ref_latency_ms": {
    "avg": 0.7236320078372955,
    "min": 0.719103991985321,
    "max": 0.7353280186653137,
    "all": [
      0.7290880084037781,
      0.729312002658844,
      0.7231360077857971,
      0.7353280186653137,
      0.7213119864463806,
      0.7214400172233582,
      0.7214400172233582,
      0.7208960056304932,
      0.7226560115814209,
      0.7247999906539917,
      0.7229440212249756,
      0.7226880192756653,
      0.7232000231742859,
      0.7226560115814209,
      0.7214080095291138,
      0.7208960056304932,
      0.7234560251235962,
      0.7231040000915527,
      0.719103991985321,
      0.7237759828567505
    ]
  },
  "test_latency_ms": {
    "avg": 0.5948176056146621,
    "min": 0.5875840187072754,
    "max": 0.615231990814209,
    "all": [
      0.615231990814209,
      0.5944960117340088,
      0.593504011631012,
      0.5906879901885986,
      0.5877760052680969,
      0.6103039979934692,
      0.5939199924468994,
      0.5999680161476135,
      0.5913280248641968,
      0.5877760052680969,
      0.597760021686554,
      0.6121280193328857,
      0.591871976852417,
      0.5899199843406677,
      0.5875840187072754,
      0.5907520055770874,
      0.5958080291748047,
      0.5885120034217834,
      0.58924800157547,
      0.5877760052680969
    ]
  },
  "num_runs": 20,
  "runnable": true,
  "phase": "seed",
  "score": 1.2165611794383953
}