{
  "timestamp": "2025-08-14T22:48:48",
  "reference_file": "KernelBench/test/94_MSELoss.py",
  "candidate_file": "/home/wan00559/baseline/run/20250814_223658_94_MSELoss/code/kernel_20250814_224747.py",
  "tolerance": 0.001,
  "max_abs_err": 2.384185791015625e-07,
  "mean_abs_err": 2.384185791015625e-07,
  "ref_latency_ms": {
    "avg": 0.7205071955919266,
    "min": 0.7174720168113708,
    "max": 0.7352319955825806,
    "all": [
      0.7352319955825806,
      0.724511981010437,
      0.7178559899330139,
      0.7209280133247375,
      0.7196800112724304,
      0.7188479900360107,
      0.719327986240387,
      0.7177280187606812,
      0.7192000150680542,
      0.7213119864463806,
      0.7222399711608887,
      0.7208960056304932,
      0.7182719707489014,
      0.7195519804954529,
      0.7188479900360107,
      0.7207679748535156,
      0.7208960056304932,
      0.7179840207099915,
      0.7185919880867004,
      0.7174720168113708
    ]
  },
  "test_latency_ms": {
    "avg": 0.4544271990656853,
    "min": 0.44892799854278564,
    "max": 0.4646399915218353,
    "all": [
      0.4646399915218353,
      0.45871999859809875,
      0.45500800013542175,
      0.4556480050086975,
      0.4545919895172119,
      0.4559360146522522,
      0.4609600007534027,
      0.45558398962020874,
      0.45161598920822144,
      0.4588479995727539,
      0.4540160000324249,
      0.45238399505615234,
      0.4504320025444031,
      0.45241600275039673,
      0.4503360092639923,
      0.44892799854278564,
      0.453792005777359,
      0.4500479996204376,
      0.45260798931121826,
      0.4520319998264313
    ]
  },
  "num_runs": 20,
  "runnable": true,
  "phase": "seed",
  "score": 1.5855283246102103
}