{
  "timestamp": "2025-08-14T22:54:14",
  "reference_file": "KernelBench/test/94_MSELoss.py",
  "candidate_file": "/home/wan00559/baseline/run/20250814_223658_94_MSELoss/code/kernel_20250814_225310.py",
  "tolerance": 0.001,
  "max_abs_err": 0.0,
  "mean_abs_err": 0.0,
  "ref_latency_ms": {
    "avg": 0.7232752025127411,
    "min": 0.7188479900360107,
    "max": 0.7346879839897156,
    "all": [
      0.7270079851150513,
      0.7249919772148132,
      0.7225919961929321,
      0.7189120054244995,
      0.7249919772148132,
      0.7231360077857971,
      0.7234240174293518,
      0.7229440212249756,
      0.7210559844970703,
      0.7214720249176025,
      0.7229440212249756,
      0.7206400036811829,
      0.7234560251235962,
      0.7188479900360107,
      0.7208960056304932,
      0.7250880002975464,
      0.7208960056304932,
      0.7346879839897156,
      0.7254400253295898,
      0.7220799922943115
    ]
  },
  "test_latency_ms": {
    "avg": 0.5475167959928513,
    "min": 0.5408959984779358,
    "max": 0.566208004951477,
    "all": [
      0.566208004951477,
      0.5550400018692017,
      0.5454080104827881,
      0.5457919836044312,
      0.5449280142784119,
      0.5460479855537415,
      0.5461440086364746,
      0.5587199926376343,
      0.5464959740638733,
      0.5488319993019104,
      0.5444480180740356,
      0.5440639853477478,
      0.5466560125350952,
      0.5546879768371582,
      0.5425919890403748,
      0.5408959984779358,
      0.5415679812431335,
      0.5485439896583557,
      0.5411199927330017,
      0.5421440005302429
    ]
  },
  "num_runs": 20,
  "runnable": true,
  "phase": "seed",
  "score": 1.3210100727616485
}