{
  "timestamp": "2025-08-27T14:38:26",
  "reference_file": "KernelBench/temp/4_Conv2d_Mish_Mish.py",
  "candidate_file": "/home/wan00559/pipleline/run/20250827_143644_batch_first6/4_Conv2d_Mish_Mish/code/kernel_20250827_143714.py",
  "tolerance": 0.001,
  "max_abs_err": 3.5762786865234375e-07,
  "mean_abs_err": 3.7101426375585334e-09,
  "ref_latency_ms": {
    "avg": 3.028281581401825,
    "min": 3.0207679271698,
    "max": 3.0718719959259033,
    "all": [
      3.0718719959259033,
      3.033087968826294,
      3.028991937637329,
      3.0447680950164795,
      3.0250558853149414,
      3.0255680084228516,
      3.0234880447387695,
      3.0207679271698,
      3.0229439735412598,
      3.0335679054260254,
      3.0248959064483643,
      3.0230400562286377,
      3.0255041122436523,
      3.0267839431762695,
      3.0208001136779785,
      3.0265278816223145,
      3.0215680599212646,
      3.0214719772338867,
      3.023423910140991,
      3.0215039253234863
    ]
  },
  "test_latency_ms": {
    "avg": 2.8390559792518615,
    "min": 2.7405760288238525,
    "max": 3.0290560722351074,
    "all": [
      2.8620479106903076,
      2.854912042617798,
      2.8528640270233154,
      2.848479986190796,
      2.8487040996551514,
      2.8608639240264893,
      3.0290560722351074,
      2.85644793510437,
      2.851423978805542,
      2.8486719131469727,
      2.8489599227905273,
      2.845695972442627,
      2.8489279747009277,
      2.8493120670318604,
      2.8505918979644775,
      2.845151901245117,
      2.7405760288238525,
      2.749824047088623,
      2.745055913925171,
      2.7435519695281982
    ]
  },
  "num_runs": 20,
  "model_init_args": [
    32,
    64,
    3
  ],
  "model_init_kwargs": {},
  "seed": 100,
  "align_stats": {
    "pair_aligner": 1,
    "copied_same_shape": 1,
    "mapped_shape": 0,
    "skipped": 0,
    "pair_key": "Model->ModelNew"
  },
  "runnable": true,
  "phase": "seed",
  "score": 1.066650888018005
}