{
  "timestamp": "2025-08-27T14:47:12",
  "reference_file": "KernelBench/temp1/37_Matmul_Swish_Sum_GroupNorm.py",
  "candidate_file": "/home/wan00559/pipleline/run/20250827_144354_batch_first5/37_Matmul_Swish_Sum_GroupNorm/code/kernel_20250827_144607.py",
  "tolerance": 0.001,
  "max_abs_err": 7.152557373046875e-07,
  "mean_abs_err": 1.3160170730941445e-08,
  "ref_latency_ms": {
    "avg": 3.5697839856147766,
    "min": 3.5481278896331787,
    "max": 3.606719970703125,
    "all": [
      3.577824115753174,
      3.5770881175994873,
      3.565567970275879,
      3.5752320289611816,
      3.576864004135132,
      3.5719358921051025,
      3.606719970703125,
      3.5594239234924316,
      3.5557758808135986,
      3.5673279762268066,
      3.5797119140625,
      3.5594239234924316,
      3.57859206199646,
      3.555840015411377,
      3.56931209564209,
      3.567487955093384,
      3.5594239234924316,
      3.5702080726623535,
      3.5481278896331787,
      3.573791980743408
    ]
  },
  "test_latency_ms": {
    "avg": 3.025808000564575,
    "min": 2.7605440616607666,
    "max": 3.103775978088379,
    "all": [
      3.103775978088379,
      3.0986239910125732,
      3.089279890060425,
      3.0831680297851562,
      3.0857601165771484,
      3.086496114730835,
      3.0945279598236084,
      3.096735954284668,
      3.1010239124298096,
      3.100480079650879,
      3.067903995513916,
      3.0958399772644043,
      3.1011838912963867,
      3.0831680297851562,
      3.1006720066070557,
      2.9412479400634766,
      2.8321280479431152,
      2.8222079277038574,
      2.7605440616607666,
      2.7713921070098877
    ]
  },
  "num_runs": 20,
  "model_init_args": [
    512,
    2048,
    64,
    [
      2048
    ]
  ],
  "model_init_kwargs": {},
  "seed": 100,
  "align_stats": {
    "copied_same_shape": 5,
    "unique_shape_copied": 0,
    "mapped_shape": 0,
    "skipped": 0,
    "pair_aligner": 0,
    "pair_key": "Model->ModelNew"
  },
  "runnable": true,
  "phase": "seed",
  "score": 1.1797787516421079
}