{
  "timestamp": "2025-08-28T16:16:21",
  "reference_file": "KernelBench/level3test3/47_NetVladNoGhostClusters.py",
  "candidate_file": "/home/wan00559/pipleline/run/20250828_154631_batch_first10/47_NetVladNoGhostClusters/code/kernel_20250828_161515.py",
  "tolerance": 0.001,
  "max_abs_err": 1.1175870895385742e-08,
  "mean_abs_err": 1.204678912181123e-09,
  "ref_latency_ms": {
    "avg": 0.936326402425766,
    "min": 0.9256960153579712,
    "max": 0.997376024723053,
    "all": [
      0.9409599900245667,
      0.9345279932022095,
      0.9276800155639648,
      0.9256960153579712,
      0.9281920194625854,
      0.9297919869422913,
      0.9290559887886047,
      0.929472029209137,
      0.929311990737915,
      0.9275519847869873,
      0.9297919869422913,
      0.9316480159759521,
      0.9320639967918396,
      0.997376024723053,
      0.9335359930992126,
      0.9357439875602722,
      0.933791995048523,
      0.9646080136299133,
      0.9338880181312561,
      0.9318400025367737
    ]
  },
  "test_latency_ms": {
    "avg": 1.4334304213523865,
    "min": 1.4293760061264038,
    "max": 1.4437439441680908,
    "all": [
      1.439743995666504,
      1.434432029724121,
      1.4404480457305908,
      1.4300800561904907,
      1.4315520524978638,
      1.4317439794540405,
      1.4307520389556885,
      1.4309120178222656,
      1.4326720237731934,
      1.4293760061264038,
      1.4437439441680908,
      1.4315520524978638,
      1.4318079948425293,
      1.439520001411438,
      1.4315520524978638,
      1.4314240217208862,
      1.4295040369033813,
      1.4295040369033813,
      1.4319360256195068,
      1.436352014541626
    ]
  },
  "num_runs": 20,
  "model_init_args": [
    16,
    256,
    0
  ],
  "model_init_kwargs": {},
  "seed": 100,
  "align_stats": {
    "copied_same_shape": 7,
    "unique_shape_copied": 0,
    "mapped_shape": 0,
    "skipped": 0,
    "pair_aligner": 0,
    "pair_key": "Model->ModelNew"
  },
  "runnable": true,
  "phase": "repair",
  "score": 0.6532067329381624
}