{
  "timestamp": "2025-08-15T15:42:36",
  "reference_file": "KernelBench/test/14_Matmul_for_upper_triangular_matrices.py",
  "candidate_file": "/home/wan00559/baseline/run/20250815_153147_14_Matmul_for_upper_triangular_matrices/code/kernel_20250815_154135.py",
  "tolerance": 0.001,
  "max_abs_err": 0.0001373291015625,
  "mean_abs_err": 3.0679566407343373e-06,
  "ref_latency_ms": {
    "avg": 0.07186080031096935,
    "min": 0.06963200122117996,
    "max": 0.08150400221347809,
    "all": [
      0.07577600330114365,
      0.07497599720954895,
      0.07372800260782242,
      0.07168000191450119,
      0.07168000191450119,
      0.07036799937486649,
      0.07126399874687195,
      0.07100799679756165,
      0.08150400221347809,
      0.07168000191450119,
      0.0713919997215271,
      0.07020799815654755,
      0.06995200365781784,
      0.06972800195217133,
      0.06963200122117996,
      0.07100799679756165,
      0.07046400010585785,
      0.06963200122117996,
      0.07129599899053574,
      0.07023999840021133
    ]
  },
  "test_latency_ms": {
    "avg": 0.15248160064220428,
    "min": 0.14950400590896606,
    "max": 0.16115200519561768,
    "all": [
      0.1581439971923828,
      0.1515520066022873,
      0.1528639942407608,
      0.16115200519561768,
      0.1502079963684082,
      0.1515520066022873,
      0.14950400590896606,
      0.15139199793338776,
      0.1512639969587326,
      0.15785600244998932,
      0.1525759994983673,
      0.15113599598407745,
      0.15113599598407745,
      0.14950400590896606,
      0.15052799880504608,
      0.1528320014476776,
      0.1533759981393814,
      0.1515520066022873,
      0.15148800611495972,
      0.15001599490642548
    ]
  },
  "num_runs": 20,
  "model_init_args": [],
  "model_init_kwargs": {},
  "runnable": true,
  "phase": "seed",
  "score": 0.4712752227699236
}