{
  "timestamp": "2025-08-28T15:48:19",
  "reference_file": "KernelBench/level3test3/41_GRUBidirectional.py",
  "candidate_file": "/home/wan00559/pipleline/run/20250828_154631_batch_first10/41_GRUBidirectional/code/kernel_20250828_154712.py",
  "tolerance": 0.001,
  "max_abs_err": 0.0,
  "mean_abs_err": 0.0,
  "ref_latency_ms": {
    "avg": 4.197977590560913,
    "min": 4.18614387512207,
    "max": 4.261727809906006,
    "all": [
      4.261727809906006,
      4.232480049133301,
      4.208415985107422,
      4.197760105133057,
      4.1943039894104,
      4.192351818084717,
      4.189375877380371,
      4.189599990844727,
      4.192255973815918,
      4.186783790588379,
      4.190976142883301,
      4.190336227416992,
      4.187104225158691,
      4.1902079582214355,
      4.197728157043457,
      4.202239990234375,
      4.188159942626953,
      4.188159942626953,
      4.193439960479736,
      4.18614387512207
    ]
  },
  "test_latency_ms": {
    "avg": 4.2123600244522095,
    "min": 4.20579195022583,
    "max": 4.23356819152832,
    "all": [
      4.23356819152832,
      4.221759796142578,
      4.211071968078613,
      4.207456111907959,
      4.213024139404297,
      4.210912227630615,
      4.21011209487915,
      4.208640098571777,
      4.222591876983643,
      4.20688009262085,
      4.20579195022583,
      4.208415985107422,
      4.211808204650879,
      4.212992191314697,
      4.207871913909912,
      4.208640098571777,
      4.2132158279418945,
      4.219103813171387,
      4.206592082977295,
      4.206751823425293
    ]
  },
  "num_runs": 20,
  "model_init_args": [
    64,
    128,
    6
  ],
  "model_init_kwargs": {},
  "seed": 100,
  "align_stats": {
    "copied_same_shape": 48,
    "unique_shape_copied": 0,
    "mapped_shape": 0,
    "skipped": 0,
    "pair_aligner": 0,
    "pair_key": "Model->ModelNew"
  },
  "runnable": true,
  "phase": "seed",
  "score": 0.9965856589161876
}