{
  "timestamp": "2025-08-27T14:30:58",
  "reference_file": "KernelBench/level2test2/27_Conv3d_HardSwish_GroupNorm_Mean.py",
  "candidate_file": "/home/wan00559/pipleline/run/20250827_140702_batch_first10/27_Conv3d_HardSwish_GroupNorm_Mean/code/kernel_20250827_142955.py",
  "tolerance": 0.001,
  "max_abs_err": 1.7881393432617188e-07,
  "mean_abs_err": 2.1333107724785805e-08,
  "ref_latency_ms": {
    "avg": 1.336353611946106,
    "min": 1.332927942276001,
    "max": 1.3496320247650146,
    "all": [
      1.3496320247650146,
      1.3391679525375366,
      1.3435839414596558,
      1.3393280506134033,
      1.3350720405578613,
      1.3352960348129272,
      1.3373440504074097,
      1.334272027015686,
      1.3347840309143066,
      1.3332480192184448,
      1.3373440504074097,
      1.3347840309143066,
      1.333024024963379,
      1.3342399597167969,
      1.3332480192184448,
      1.3352960348129272,
      1.332927942276001,
      1.3361599445343018,
      1.3332480192184448,
      1.3350720405578613
    ]
  },
  "test_latency_ms": {
    "avg": 1.3532448053359984,
    "min": 1.3496320247650146,
    "max": 1.3578239679336548,
    "all": [
      1.3578239679336548,
      1.3563200235366821,
      1.3533439636230469,
      1.3537280559539795,
      1.3500159978866577,
      1.3539199829101562,
      1.351807951927185,
      1.3557120561599731,
      1.351680040359497,
      1.353600025177002,
      1.3536640405654907,
      1.3537280559539795,
      1.353279948234558,
      1.3511359691619873,
      1.353503942489624,
      1.3537280559539795,
      1.3496320247650146,
      1.353279948234558,
      1.3533120155334473,
      1.351680040359497
    ]
  },
  "num_runs": 20,
  "model_init_args": [
    3,
    8,
    4
  ],
  "model_init_kwargs": {},
  "seed": 100,
  "align_stats": {
    "pair_aligner": 1,
    "copied_same_shape": 1,
    "mapped_shape": 0,
    "skipped": 0,
    "pair_key": "Model->ModelNew"
  },
  "runnable": true,
  "phase": "seed",
  "score": 0.9875180061114673
}