{
  "timestamp": "2025-08-28T16:53:43",
  "reference_file": "KernelBench/level3test/3_DeepNarrowMLP.py",
  "candidate_file": "/home/wan00559/pipleline/run/20250828_154447_batch_first13/3_DeepNarrowMLP/code/kernel_20250828_165239.py",
  "tolerance": 0.001,
  "max_abs_err": 2.9802322387695312e-08,
  "mean_abs_err": 2.5456712293703276e-09,
  "ref_latency_ms": {
    "avg": 1.765067195892334,
    "min": 1.7448960542678833,
    "max": 1.8124799728393555,
    "all": [
      1.7715200185775757,
      1.7690240144729614,
      1.7762880325317383,
      1.7953280210494995,
      1.8124799728393555,
      1.7521599531173706,
      1.752959966659546,
      1.7612799406051636,
      1.7879040241241455,
      1.7615679502487183,
      1.7487679719924927,
      1.7553600072860718,
      1.7692480087280273,
      1.761728048324585,
      1.7448960542678833,
      1.7591999769210815,
      1.7585920095443726,
      1.7559360265731812,
      1.760159969329834,
      1.7469439506530762
    ]
  },
  "test_latency_ms": {
    "avg": 3.6286991834640503,
    "min": 3.6218879222869873,
    "max": 3.636255979537964,
    "all": [
      3.633280038833618,
      3.632863998413086,
      3.6334400177001953,
      3.624959945678711,
      3.627392053604126,
      3.624959945678711,
      3.632863998413086,
      3.624959945678711,
      3.6218879222869873,
      3.635200023651123,
      3.636255979537964,
      3.631103992462158,
      3.6273279190063477,
      3.627392053604126,
      3.625760078430176,
      3.629055976867676,
      3.6229119300842285,
      3.630847930908203,
      3.6254398822784424,
      3.62608003616333
    ]
  },
  "num_runs": 20,
  "model_init_args": [
    4096,
    [
      256,
      256,
      256,
      256,
      256,
      256,
      256,
      256,
      256,
      256,
      256,
      256,
      256,
      256,
      256,
      256
    ],
    4096
  ],
  "model_init_kwargs": {},
  "seed": 100,
  "align_stats": {
    "copied_same_shape": 0,
    "unique_shape_copied": 3,
    "mapped_shape": 0,
    "skipped": 31,
    "pair_aligner": 0,
    "pair_key": "Model->ModelNew"
  },
  "runnable": true,
  "phase": "repair",
  "score": 0.4864187155374382
}