{
  "timestamp": "2025-08-27T14:47:55",
  "reference_file": "KernelBench/temp/7_Conv3d_ReLU_LeakyReLU_GELU_Sigmoid_BiasAdd.py",
  "candidate_file": "/home/wan00559/pipleline/run/20250827_143644_batch_first6/7_Conv3d_ReLU_LeakyReLU_GELU_Sigmoid_BiasAdd/code/kernel_20250827_144752.py",
  "tolerance": 0.001,
  "max_abs_err": 3.039836883544922e-05,
  "mean_abs_err": 1.998856902218904e-07,
  "ref_latency_ms": {
    "avg": 1.143796795606613,
    "min": 1.1407359838485718,
    "max": 1.1550719738006592,
    "all": [
      1.1550719738006592,
      1.1492799520492554,
      1.1453440189361572,
      1.1413439512252808,
      1.1443840265274048,
      1.1466560363769531,
      1.1454720497131348,
      1.1422079801559448,
      1.1407359838485718,
      1.1442240476608276,
      1.1427839994430542,
      1.1411199569702148,
      1.1448320150375366,
      1.1407359838485718,
      1.1420799493789673,
      1.142591953277588,
      1.1427520513534546,
      1.1407359838485718,
      1.1408640146255493,
      1.1427199840545654
    ]
  },
  "test_latency_ms": {
    "avg": 0.8271408051252365,
    "min": 0.8251199722290039,
    "max": 0.8369920253753662,
    "all": [
      0.8369920253753662,
      0.8288000226020813,
      0.8290240168571472,
      0.8272320032119751,
      0.8271999955177307,
      0.8257279992103577,
      0.8253440260887146,
      0.8252159953117371,
      0.8266879916191101,
      0.8271999955177307,
      0.8284479975700378,
      0.8253440260887146,
      0.8253440260887146,
      0.825760006904602,
      0.825984001159668,
      0.8251199722290039,
      0.8264960050582886,
      0.826528012752533,
      0.8273919820785522,
      0.8269760012626648
    ]
  },
  "num_runs": 20,
  "model_init_args": [
    4,
    16,
    3,
    [
      16,
      1,
      1,
      1
    ]
  ],
  "model_init_kwargs": {},
  "seed": 100,
  "align_stats": {
    "pair_aligner": 1,
    "copied_same_shape": 1,
    "mapped_shape": 0,
    "skipped": 0,
    "pair_key": "Model->ModelNew"
  },
  "runnable": true,
  "phase": "repair",
  "score": 1.3828320263240212
}