{
  "timestamp": "2025-08-28T15:51:37",
  "reference_file": "KernelBench/level3test1/16_DenseNet201.py",
  "candidate_file": "/home/wan00559/pipleline/run/20250828_154521_batch_first17/16_DenseNet201/code/kernel_20250828_155027.py",
  "tolerance": 0.001,
  "max_abs_err": 1.862645149230957e-09,
  "mean_abs_err": 1.7695128695649487e-10,
  "ref_latency_ms": {
    "avg": 16.123150396347047,
    "min": 15.41823959350586,
    "max": 18.089759826660156,
    "all": [
      18.089759826660156,
      17.934879302978516,
      17.860000610351562,
      17.909759521484375,
      17.81942367553711,
      15.997504234313965,
      15.656160354614258,
      15.459360122680664,
      15.435327529907227,
      15.492735862731934,
      15.41823959350586,
      15.441920280456543,
      15.435744285583496,
      15.506175994873047,
      15.590432167053223,
      15.50979232788086,
      15.491264343261719,
      15.437824249267578,
      15.546751976013184,
      15.429951667785645
    ]
  },
  "test_latency_ms": {
    "avg": 16.839907073974608,
    "min": 16.413759231567383,
    "max": 18.782207489013672,
    "all": [
      16.55193519592285,
      16.546720504760742,
      16.6213436126709,
      16.504928588867188,
      16.46463966369629,
      16.49782371520996,
      16.416959762573242,
      16.752832412719727,
      16.99193572998047,
      17.133663177490234,
      17.09916877746582,
      16.951583862304688,
      17.106943130493164,
      18.782207489013672,
      17.66396713256836,
      16.88412857055664,
      16.4454402923584,
      16.443967819213867,
      16.413759231567383,
      16.524192810058594
    ]
  },
  "num_runs": 20,
  "model_init_args": [
    32,
    5
  ],
  "model_init_kwargs": {},
  "seed": 100,
  "align_stats": {
    "copied_same_shape": 619,
    "unique_shape_copied": 0,
    "mapped_shape": 0,
    "skipped": 0,
    "pair_aligner": 0,
    "pair_key": "Model->ModelNew"
  },
  "runnable": true,
  "phase": "seed",
  "score": 0.9574370170524705
}