{
  "timestamp": "2025-08-15T13:59:54",
  "reference_file": "KernelBench/test/12_Matmul_with_diagonal_matrices_.py",
  "candidate_file": "/home/wan00559/baseline/run/20250815_133125_12_Matmul_with_diagonal_matrices_/code/kernel_20250815_135930.py",
  "tolerance": 0.001,
  "max_abs_err": 0.0,
  "mean_abs_err": 0.0,
  "ref_latency_ms": {
    "avg": 0.14857920184731482,
    "min": 0.14336000382900238,
    "max": 0.16998399794101715,
    "all": [
      0.16998399794101715,
      0.15328000485897064,
      0.14617599546909332,
      0.14390400052070618,
      0.1454399973154068,
      0.1454080045223236,
      0.14918400347232819,
      0.1454080045223236,
      0.14534400403499603,
      0.14431999623775482,
      0.14336000382900238,
      0.1515520066022873,
      0.14723199605941772,
      0.14403200149536133,
      0.1648000031709671,
      0.14745600521564484,
      0.1454080045223236,
      0.14934399724006653,
      0.1454080045223236,
      0.14454400539398193
    ]
  },
  "test_latency_ms": {
    "avg": 0.07536640167236328,
    "min": 0.07318399846553802,
    "max": 0.08297599852085114,
    "all": [
      0.08284799754619598,
      0.08297599852085114,
      0.07708799839019775,
      0.07379200309515,
      0.07372800260782242,
      0.07577600330114365,
      0.07580800354480743,
      0.07372800260782242,
      0.07382400333881378,
      0.07372800260782242,
      0.07372800260782242,
      0.07347200065851212,
      0.0737600028514862,
      0.07372800260782242,
      0.07372800260782242,
      0.08032000064849854,
      0.0748480036854744,
      0.07372800260782242,
      0.07353600114583969,
      0.07318399846553802
    ]
  },
  "num_runs": 20,
  "model_init_args": [],
  "model_init_kwargs": {},
  "runnable": true,
  "phase": "seed",
  "score": 1.9714249128308663
}