{
  "timestamp": "2025-08-15T14:06:13",
  "reference_file": "KernelBench/test/12_Matmul_with_diagonal_matrices_.py",
  "candidate_file": "/home/wan00559/baseline/run/20250815_133125_12_Matmul_with_diagonal_matrices_/code/kernel_20250815_140548.py",
  "tolerance": 0.001,
  "max_abs_err": 0.0,
  "mean_abs_err": 0.0,
  "ref_latency_ms": {
    "avg": 0.1432016022503376,
    "min": 0.11327999830245972,
    "max": 0.15481600165367126,
    "all": [
      0.15481600165367126,
      0.15001599490642548,
      0.1515520066022873,
      0.1454080045223236,
      0.1454080045223236,
      0.1454080045223236,
      0.1454080045223236,
      0.15350399911403656,
      0.14761599898338318,
      0.14524799585342407,
      0.14428800344467163,
      0.144896000623703,
      0.1454080045223236,
      0.15360000729560852,
      0.14534400403499603,
      0.14368000626564026,
      0.15414400398731232,
      0.11327999830245972,
      0.11417599767446518,
      0.12083200365304947
    ]
  },
  "test_latency_ms": {
    "avg": 0.0513712003827095,
    "min": 0.04915200173854828,
    "max": 0.060416001826524734,
    "all": [
      0.05734400078654289,
      0.055296000093221664,
      0.05238400027155876,
      0.060416001826524734,
      0.05113599821925163,
      0.050655998289585114,
      0.04915200173854828,
      0.04944000020623207,
      0.04918399825692177,
      0.05027199909090996,
      0.04915200173854828,
      0.04915200173854828,
      0.04979199916124344,
      0.05056000128388405,
      0.04915200173854828,
      0.04915200173854828,
      0.04947200044989586,
      0.055296000093221664,
      0.0498879998922348,
      0.05052800104022026
    ]
  },
  "num_runs": 20,
  "model_init_args": [],
  "model_init_kwargs": {},
  "runnable": true,
  "phase": "seed",
  "score": 2.787585284819164
}