{
  "timestamp": "2025-08-15T13:34:33",
  "reference_file": "KernelBench/test/12_Matmul_with_diagonal_matrices_.py",
  "candidate_file": "/home/wan00559/baseline/run/20250815_133125_12_Matmul_with_diagonal_matrices_/code/kernel_20250815_133332.py",
  "tolerance": 0.001,
  "max_abs_err": 0.0,
  "mean_abs_err": 0.0,
  "ref_latency_ms": {
    "avg": 0.10031679980456829,
    "min": 0.09625600278377533,
    "max": 0.13312000036239624,
    "all": [
      0.13312000036239624,
      0.10649599879980087,
      0.1000640019774437,
      0.09830400347709656,
      0.09683199971914291,
      0.09830400347709656,
      0.10649599879980087,
      0.10099200159311295,
      0.09683199971914291,
      0.09759999811649323,
      0.0974079966545105,
      0.09683199971914291,
      0.09756799787282944,
      0.09657599776983261,
      0.09641599655151367,
      0.10035199671983719,
      0.09689600020647049,
      0.09667199850082397,
      0.0963200032711029,
      0.09625600278377533
    ]
  },
  "test_latency_ms": {
    "avg": 0.039217600226402284,
    "min": 0.03686400130391121,
    "max": 0.04915200173854828,
    "all": [
      0.0453759990632534,
      0.04198399931192398,
      0.039135999977588654,
      0.03846399858593941,
      0.03830400109291077,
      0.03855999931693077,
      0.03776000067591667,
      0.03862399980425835,
      0.037728000432252884,
      0.03686400130391121,
      0.03686400130391121,
      0.03891199827194214,
      0.037087999284267426,
      0.03888000175356865,
      0.04915200173854828,
      0.04092799872159958,
      0.03686400130391121,
      0.03855999931693077,
      0.037376001477241516,
      0.036928001791238785
    ]
  },
  "num_runs": 20,
  "model_init_args": [],
  "model_init_kwargs": {},
  "runnable": true,
  "phase": "seed",
  "score": 2.5579535521154217
}