{
  "timestamp": "2025-08-27T14:27:49",
  "reference_file": "KernelBench/level2test4/35_Conv2d_Subtract_HardSwish_MaxPool_Mish.py",
  "candidate_file": "/home/wan00559/pipleline/run/20250827_141012_batch_first10/35_Conv2d_Subtract_HardSwish_MaxPool_Mish/code/kernel_20250827_142646.py",
  "tolerance": 0.001,
  "max_abs_err": 1.7881393432617188e-07,
  "mean_abs_err": 3.275639537392294e-09,
  "ref_latency_ms": {
    "avg": 1.8644303977489471,
    "min": 1.8597760200500488,
    "max": 1.8874880075454712,
    "all": [
      1.8874880075454712,
      1.8698240518569946,
      1.8674880266189575,
      1.863584041595459,
      1.8597760200500488,
      1.8651200532913208,
      1.8623039722442627,
      1.8658239841461182,
      1.8623679876327515,
      1.8631999492645264,
      1.861631989479065,
      1.8625600337982178,
      1.8631680011749268,
      1.861631989479065,
      1.8614399433135986,
      1.8604799509048462,
      1.8636159896850586,
      1.8612480163574219,
      1.861631989479065,
      1.8642239570617676
    ]
  },
  "test_latency_ms": {
    "avg": 1.6654064178466796,
    "min": 1.6621439456939697,
    "max": 1.6777280569076538,
    "all": [
      1.6777280569076538,
      1.6678400039672852,
      1.667072057723999,
      1.6650240421295166,
      1.6629760265350342,
      1.6639039516448975,
      1.6650240421295166,
      1.6630079746246338,
      1.6629760265350342,
      1.6621439456939697,
      1.667072057723999,
      1.6650240421295166,
      1.6649919748306274,
      1.6630079746246338,
      1.6645760536193848,
      1.6643520593643188,
      1.6629760265350342,
      1.6650240421295166,
      1.667199969291687,
      1.666208028793335
    ]
  },
  "num_runs": 20,
  "model_init_args": [
    32,
    64,
    3,
    0.5,
    2
  ],
  "model_init_kwargs": {},
  "seed": 100,
  "align_stats": {
    "pair_aligner": 1,
    "copied_same_shape": 1,
    "mapped_shape": 0,
    "skipped": 0,
    "pair_key": "Model->ModelNew"
  },
  "runnable": true,
  "phase": "repair",
  "score": 1.119504751374502
}