{
  "timestamp": "2025-08-28T17:20:51",
  "reference_file": "KernelBench/level3test/9_ResNet18.py",
  "candidate_file": "/home/wan00559/pipleline/run/20250828_154447_batch_first13/9_ResNet18/code/kernel_20250828_171945.py",
  "tolerance": 0.001,
  "max_abs_err": 0.0,
  "mean_abs_err": 0.0,
  "ref_latency_ms": {
    "avg": 2.751308834552765,
    "min": 2.7010879516601562,
    "max": 2.9382081031799316,
    "all": [
      2.847424030303955,
      2.7442240715026855,
      2.7389121055603027,
      2.7250559329986572,
      2.784640073776245,
      2.8287999629974365,
      2.9382081031799316,
      2.7603840827941895,
      2.707456111907959,
      2.7063040733337402,
      2.712383985519409,
      2.717344045639038,
      2.707616090774536,
      2.7099199295043945,
      2.7074239253997803,
      2.703360080718994,
      2.7010879516601562,
      2.702687978744507,
      2.7198400497436523,
      2.8631041049957275
    ]
  },
  "test_latency_ms": {
    "avg": 2.843297576904297,
    "min": 2.805727958679199,
    "max": 3.0210559368133545,
    "all": [
      2.8323841094970703,
      2.8329920768737793,
      2.8335039615631104,
      2.8116800785064697,
      2.8176960945129395,
      2.8344318866729736,
      2.830687999725342,
      2.8241279125213623,
      2.832063913345337,
      2.8956480026245117,
      2.88703989982605,
      2.8163840770721436,
      2.8304638862609863,
      2.833087921142578,
      2.815999984741211,
      2.817919969558716,
      2.8156158924102783,
      2.805727958679199,
      2.8774399757385254,
      3.0210559368133545
    ]
  },
  "num_runs": 20,
  "model_init_args": [
    100
  ],
  "model_init_kwargs": {},
  "seed": 100,
  "align_stats": {
    "copied_same_shape": 122,
    "unique_shape_copied": 0,
    "mapped_shape": 0,
    "skipped": 0,
    "pair_aligner": 0,
    "pair_key": "Model->ModelNew"
  },
  "runnable": true,
  "phase": "seed",
  "score": 0.9676471632449788
}